rank,username,wallet,posts,score,avg
1,Goon_crypto,0x73B6bdf237eD04f40E5684f3e5718F9239B5d64a,20,145,7.25
2,0xzagen,0x1aad084517ea492a67fcca54048c7e0404ce1ab2,14,110,7.86
3,100xDarren,0xccd05831016B444fFC83F6dA2e018F62849ab34A,14,101,7.21
4,0xweekend59,0xa25CA0AB85421292725Ebda66e07C7C92b14F021,17,83.75,4.93
5,3DMax_Virtuals,0xA18c066fC86B9e8a91287496ab954fcc414a30AA,9,75,8.33
6,jbcollins01,0x4ca432c4698db24259810d3696c2048a69906891,13,73.5,5.65
7,bizbrainzuni,0xd5A065E5c38c7d87f6B90e920f4e1aCc9722d97a,15,71.7,4.78
8,0xAybars,0x2C8B5f6E7CFbaA12226Eb288Eb75624016cD1727,12,66.86,5.57
9,Drkhaleefah2,0xb0c7084fc05ed9827683dc38766a930d083af6c4,47,65,1.38
10,office2crypto,0x97Bc998dBDD5D5a9df74cB589F4eabd516D4a22A,8,63,7.88
11,Versiqxyz,0xf4cd01c5d73f11b4894e42108f26a7cd1bcf80a6,15,60,4
12,khoirulr331,0xec5bEB264d0b7Bb0A3a1A686050F3b00eD8F33De,16,59.4,3.71
13,0xcrispdal,0x8a5348b3f0c98be7dfdb96f5a3ebc25b6047e306,11,58.54,5.32
14,Adetokun_Isaiah,0x6a164c14bcc4fd458e4b5d2d509e1506a5c21cd7,7,58,8.29
15,CARTOONIST_MC1,0xcE2f6E6a221f44a1C42636769Cde1146dE50D64B,10,57.25,5.72
16,Tam110723,0xc7AC22524dF380005C6D60B9d81f7a52a3B638E6,13,56.75,4.37
17,sothh84,0x2AA3D9acc0818855Cf7F1567a6C235B9702246D5,11,55,5
18,sashinmeena,0x3ae1Cfea83DA97D533Bb5f5E6E31C4ecDea3E057,7,54.5,7.79
19,Realboybr,0xdeB66d0B70A20cb084645e7799D3b7E55b7E6D17,6,53,8.83
20,0xCellep,0xA49678827288d5327227Af3517D602dca6d5Ba56,20,52,2.6
21,77bncvbsdcg,0x08EeF384cff15b1518f214bF491cF72AD1c6f79f,7,51.5,7.36
22,Trong_Hatachi,0xC70D7342332eCF3c26F991FdBC85A8b8AB1A48bA,12,51.24,4.27
23,alexxx6363,0xd4cc8bd67f7bCdAA427a120119ffcff0D4182b1c,6,50,8.33
24,mahonebtc,0x4eec5881d2e807a4afe295c7d6c018f5d7a617ac,23,50,2.17
25,dang_duytan,0x6e7dbb10343c03da3f07dc6b6a4747c7748fd47a,10,49.24,4.92
26,denispodd_17,0xf517cd0843aefca24046d0ed02d6e04393678ab8,11,48.5,4.41
27,Faithmeta_x,0x88ec7156802fcafd959f7d7e33c010f60b76aec0,15,47.5,3.17
28,GuruVerseX,0xDeAC23A7c7A4F105eA65da2A6a506A49Fa8E42Bc,12,47.25,3.94
29,IcMechs,0xccc90112dc1e75ff6bb9ada31db7b179105c3422,6,47,7.83
30,WhalePiz,0xb3970fb6a4b1fea864612eefc7c84131fade72e0,11,46.25,4.2
31,yapslingerx,0x0D0Db9fB2D2E051b33216c3f42f77F9b3c3C93e3,4,45.5,11.38
32,KGeNazeemali12,0xe5e84bcf3e570bb3c690363b9e54bbdd8449ea5f,27,45,1.67
33,TrieuTiger,0xd10E26a2fbfe2732cA442BB697fba9eB1e754c6D,10,45,4.5
34,Chinwo2,0xebf3e4918ad4bf0ce224277e1feb513c2887b322,12,44,3.67
35,INOKAMIKAGURA,0x171b5b46555e33e0674436acec2663980242adc6,6,44,7.33
36,glomay22,0xAAf4eF6d1c4fDE4663D8c4F6dA97B20785eDF14C,8,43.98,5.5
37,Axismeta,0x790E3d7f5421fAb58e63a74CC6aDD7c4b2eCD610,12,43.48,3.62
38,cv_alphas,0x4450dB99260EC3140B4690F1c6bDd64d5d9644A9,6,43,7.17
39,RealAntar1,0xC51fa87d777de83acbC25E6bb6Fb62290567d513,17,42.25,2.49
40,OGFIGO,0x3966e168ec7e3e0f1007bac9b49187f73fb54d5c,9,42,4.67
41,palash433,0xbd876C7dB94afF7780EaE9b3eE655d1949598af2,5,41,8.2
42,Tentacion_sin,0x05f5b21fe287bfa78af42c09f9a44796b0917daa,10,40,4
43,HEiMajesty,0x650fD15d0D50E05cE202deC392096E9cff78BD57,9,39.5,4.39
44,Realdropforge,0x7E0Eb14cc0d6C89Ed8650AC73660395aa61D3F91,9,39.5,4.39
45,ShinyNfts,0xFAD5098DBd9fDFf3e25151a13E8e40396AA0CF3f,6,39.5,6.58
46,Zyntrixt,0xfd3cc03b0bc89d8bdc6b56fefb61f45f69a30360,5,38,7.6
47,Ma_xeeno,0x7e4db4461e75527f0a1edaf6e6bbff90f0bd57fc,8,37.8,4.73
48,xleva_eth,0x7C49e8233598F30d0c641A8AEAe26Fe411337dC9,6,37.6,6.27
49,PrettyFavy17,0x6Be56fDAAa8De8cf6c8Eea8c8138B0363326750f,10,37.59,3.76
50,Bigmanstuff0,0x96993C0aB74299f3C304a08DE30Dc2a3f1E072b4,7,37.5,5.36
51,zyllona,0x93e21001370ebfc72e5f3e8c8a8338fb7c6907bc,6,37.49,6.25
52,0xHeroe_,0xc2220f187c1be3eef9c165453af54b1d2b758dcf,8,37.4,4.68
53,NeoORDON,0x5e391fa2c129502de431fe5a44ec0184ecaa1682,6,37.3,6.22
54,regularweb3guy,0x6c056F656AE0B7F37E15eACB63D577561A07b686,9,37.25,4.14
55,ajjeee__,0x1cc25b09bfdcc5a3d10da91a694e0000c7a2142c,6,37.2,6.2
56,Villa_PHM,0x3BE469353358d9b92078e9601278088ee0205CAe,5,36.48,7.3
57,Trathoa,0xa931D1Fd0F87191e3CD71e68c6A6F39e588CB4FE,7,35.5,5.07
58,Mineus092,0xA87f03d0e70090b89Fd30a5bE355F9daEA1a58c5,8,35,4.38
59,jvstme_ophyxial,0xccb315688fca77a423523101da5efc9043d8ff4b,9,35,3.89
60,maanar_ooo,0x49A11267E4b16c576bFE2bb6725e36D8Fe759E7B,7,35,5
61,loho_a,0x74c973dd8cfbba12af5542b3e0bbd4b27526a119,5,34.9,6.98
62,RMac_5,0xaaf3630e8bd9f09ac5b9861a734029122c4b194b,5,34,6.8
63,CnVL8,0x885e477afd23e6f915a9cabe6e6dba076464de5a,5,33.87,6.77
64,GookieNft,0xc4b41818715268ba6d5c78ff0cddd180476dd1a4,7,33.25,4.75
65,Jessdotfun,0x116bC2E4CEC40EaD576cCC8E5d21f95B9D5e4917,21,33,1.57
66,DonSmile12,0xC7f99a56A492D69a5F53E02436280C9A2B503E24,6,30.5,5.08
67,cxmrondlls,0xFe28B624df045873f15C6745e5380F2C8e7429DB,6,30.5,5.08
68,earning_sectors,0xb1462d298Eda16C7EE5D796c60e8De2c4d6f64ba,6,30.25,5.04
69,Ginny26869024,0x14FA3Be363bb8EB71B87EcE99Df78486daBbfB67,6,29.75,4.96
70,Johnny8_X,0x5283Cbd0D32cB527338FaA5f514178D08DB0e8Bf,6,29,4.83
71,Shawnn_moon,0x16356f0dc7f6c8423e5daa899cfde7162f58159f,7,29,4.14
72,0xRiRoyal,0x037CE8F01B71942E0dd12E81ebeA73dCD4e1afb7,5,28.75,5.75
73,tienho_nyx,0x5e6e06c673e199062a4779aa0dd47df445c88e41,6,28.67,4.78
74,Timothyayodeji8,0x51a0451a55258e901253b0e7747ba7656987396b,6,28.25,4.71
75,tidydls,0xee81995c3b0384dce542e99973594b07c8096c80,6,28.25,4.71
76,bencryptovnn,0x2d8E97569C42d3A387E948a6A8bCd6474B47E39b,6,27.5,4.58
77,KaylashowDq,0x9574ba2c8a3cacca41959765d2d05eb431001bf8,4,27.25,6.81
78,ArewaGadgetPlug,0xaa0e1058C881F9fC9b5f9FC2724ca12E3e72992E,8,27,3.38
79,ApexIkaru,0x5332e6431cb4b1e056104d4cf23ad74c183c83f4,7,26.43,3.78
80,BabuAlx86,0xef084f79208db9d282df5470640de93196dc52de,6,26,4.33
81,jokeriblack,0xc6db3110e8d0290200371de6548a3174f5701d47,9,26,2.89
82,wa_pc34178,0x110FbCcd7160DF580211A0c514deDf119086C75A,5,25.5,5.1
83,Jife790,0x62d0d685fe4c214658bdea5ca9a7b88a5bcccc49,5,25.5,5.1
84,HabibPaart44952,0x2C9BC71E4E96a65EDd741B59419997A2657B1b25,3,25.25,8.42
85,Anh_Mot0,0xc8FAD07aa89174dE09dE18b6ddC79968204382c6,4,24.75,6.19
86,sholaax_,0xfbd5011f9d35433aecd40e1f474b424de4674842,5,24.75,4.95
87,stuyzy27,0xa76823d55a93378f5b08bb5e2725a49c6688cad8,5,24.73,4.95
88,Web3Sam10,0x8dedce1aff9385ef6f825eec381e13bd422c6be9,3,24.6,8.2
89,spike_coinz01,0x91Db80087bB3bEBc0F3AD66A882b79eAEAd721a4,5,24.5,4.9
90,buttlaibyy,0x67a7151aF9Fe801f2ec298328F0c2b9516ae0834,8,24,3
91,mandero128992,0xC1311e508d9037B0b6bD4cd032Fbde20beBb8c76,5,24,4.8
92,0_manager3,0x861ccf00bf95c42ace8bda81ba021de90d315d45,7,23.81,3.4
93,SARAwebh3,0x18D4d74e22D6c902d246b1cdE992300c07D37cE5,5,23.75,4.75
94,King_dav000,0x945d68012B88644433156dC99f81383e0F625799,5,22.5,4.5
95,StharDus,0xA397D5304b5B2AAA7121c26341A0c636af080064,5,22.39,4.48
96,blurnova,0xb35Ec43b6c62A8005ac6d42d03d1E5235F9e40F8,4,22,4.5
97,kairoflux5,0x9b630D6E0219391e7b69881a1B1a2B2C8aA29d93,5,21.8,4.36
98,mintshadeking,0x29Ea004ddD351e90D9A168615A730c014A009F2c,6,21.5,3.5
99,orbitaly,0xBa36426021B37D65F6575A501f56037ed780ceB6,4,21.5,5.3
100,kikycute1402,0xbb1e0b5e7d170cd424d0a53725017c32113748a8,5,21.5,4.3
101,0xFatih,0x2f6e4df72fc4c8defc63fbeab367348da0a4fbdf,7,21.47,3.07
102,chaselightt,0x88Df9f66ef65c3C1231f981c85f7B946Bf6d99EC,3,21,7
103,TNr1ck,0x88Df9f66ef65c3C1231f981c85f7B946Bf6d99EC,4,20,5
104,rare_bd,0x271c72589f10D8eA866eDB97b9db09ab12ab9721,6,19.94,3.32
105,0xxcoded,0xcb1862d265c726b57592f795a4c20cbfbc892899,4,19.75,4.94
106,Mzsandy18,0x56c4924FDA0a46490f2135Ca259e7Bf1aFfE9B52,4,19.5,4.88
107,rosetina_degen,0x53bB62BFBa912847D0B8d3eff55542bAE991bb0D,2,19.25,9.63
108,psypth,0xd9926e2232b49bab2e1543613d286622411accaa,2,19.04,9.52
109,hitasyurek,0x4830764Cb1252Fc7553231E2FBF5b09961a29c59,3,18.93,6.31
110,Dzola17,0xC6776bBa507Ed718C9D7AeE70b0eA1B1C26ec8Af,2,18.75,9.38
111,SpilsA,0xC967255394fa6BD630F8405bD69b51d70Ad73F01,4,18.72,4.68
112,Wozbekk,0x19221Aa28cc6269293bC6A3bae4001C93CE38cBf,5,18.72,3.74
113,hbo_data,0x1A062aA6EFD4Be430B71Fa1436d72ec24bB381AB,6,18.43,3.07
114,Bilivo8,0x9202744fc4f6ae71272f6204c707e1bfd3694fae,4,18.25,4.56
115,kappybruh,0x863e3ca52239be57ff34209f26f416f4a083de3d,3,18.25,6.08
116,Eloghinova,0x71004760Eb3F6Fb351358aBD8cfe7B481F5e086A,3,18.2,6.07
117,only_one_oscar1,0x5F41297c6c24B5C549E2f673c1e4038bf0cf76f9,2,18,9
118,Cikkss108,0x9EA429C0EB345A5b73a2ea696fb8B819E57D2fdd,11,17.86,1.62
119,rebeccacoupland,0x9c6b6EE9f10e2a63d94974b7A37Df0F1D7457B16,4,17.85,4.46
120,sol_ayfr_,0xABE08B81Dd3D7d67d8Aa753CE37195D02aB4383D,4,17.85,4.46
121,SYNEX98_36,0x11e6f1205160b970feb003161f18edffc58fBb73,3,17.76,5.92
122,Qirnft,0x8996a21b8cf30a741078f995d9a58f6c543a0ca4,2,17.75,8.88
123,mrvictor2626,0xa3b1dc050f3a81f6fb5ffe52a7dc995545304198,6,17.53,2.92
124,azaztrader01,0xDaa357631250d237E46C2648c7CbF32Ed470A55d,4,17.5,4.38
125,onlyreaderx_,0x3d3c9859CDe8eF1A51456f7166BB17d7CFb1D6e6,2,17.46,8.73
126,jitusorkar12,0x002CcB36a4e4Da1c24c6C84F8939D0141529c3ef,3,17.39,5.8
127,Josephoffiong4k,0xB23f40e5F70b5617aB0918123C39Aa20fb9Bc620,4,16.98,4.24
128,Abba__80,0x03fa24549d896DD8B582568BD17c27B1f63B1f10,3,16.97,5.66
129,lev_eth,0x6c3a90c5Da8b1D74dEdE154B0e441927F2C97524,5,16.82,3.36
130,dashubtc,0x0D35D958ea4646D9378644848222dCcE4127BBa2,5,16.75,3.35
131,atlas16022015,0xC2838c5F882f43958ac6993b5195618595C3F283,2,16.44,8.22
132,HakanBilgetekin,0xF5C7F48887536E4E8F4a947472546bA81E74c569,3,16.25,5.42
133,varyant3500,0x543e3C00E9C6C0Ed2Ef420302a574F1DCFa83e93,3,16.25,5.42
134,luluca_pp,0x750Ff9679d229CcC28Ba6E011bAc955926333146,3,16.06,5.35
135,apelkorv,0x86515adbbc3A02D7f5cceD10885150502C776cBC,3,16.03,5.34
136,Nex0ra_,0x9ff4359d5f8611084e608139d99deefe740b9d3c,2,16.01,8.01
137,0xvinhpham,0x3aedb97569ad578038498af46f071045b1f36476,4,16,4
138,Aemar00,0x1d89d1cde8f01e5620debbcae90c312246a9f68c,3,16,5.33
139,Sajib_999,0xba2F6Bb9BF00822080FF5F58205b323495A460c8,3,16,5.33
140,XLmeta_x,0x697c9B0E6b16c1239d82F9f01D792796887a396b,4,16,4
141,callmeperry3,0xeCe7205C26F7D58b1eD899fac8e68D2EE49247b4,2,16,8
142,degen_kid01,0xbdfa3d13E5644fBa20aB3EB1d354693D404D281b,3,15.75,5.25
143,devcraft05,0x85293459625474693ee335f430be38e7e84516e6,3,15.75,5.25
144,Phu_Prosperity8,0xc2ce378434bF3500e5CF894F7eC57Be6C8AA1466,3,15.57,5.19
145,WingroveRobert,0xc47BE2036326bA92Fa68DC2F2BA16952b8f85604,3,15.53,5.18
146,er_madamce,0xFfFb536b929118A05785786f182333ff855d4339,3,15.51,5.17
147,CRYPTO_ALVERON,0x713c8aEa444C2Ad739D0f7fD84a8951830735bF6,5,15.5,3.1
148,Loganoncrypto,0x21CcB7CA663ADcafB0bf720D726E0CBE63084d9c,3,15.5,5.17
149,crypto4mikey,0xbbbbdf3ab00a2b1e72893b712ae484b8b0a903e8,3,15.49,5.16
150,amadarln2,0x885f7b41cff62c8309bd609b8bca4332dafd3675,3,15.47,5.16
151,GujilRuipa,0x147da61d038Faee3b73Fa90AdcE9A2abC2d87558,3,15.43,5.14
152,AbdulMu09708501,0x6c35a1bc15F0508c434Dc118Aa5a6f1f3Fe57418,2,15.01,7.51
153,EyoAugusti73181,0x71e8E723a83305C8625AfA7BD135e502F7714d09,2,15,7.5
154,Gamerfigirl,0x6865D33a359b2ab9D46CAE2762e9Ed3Fa9a4145e,3,15,5
155,Blackmiami2,0x86678f2b6ca3f126666c59612f2428528340cfb6,3,14.92,4.97
156,bigfarm_x,0xf93a9bd47f02cb3e89d5e9d0fbd18e4a21ff9511,6,14.75,2.46
157,0xrupiah2020,0xB72Baf8959052Fa2386F27584c7a1F708709f885,3,14.74,4.91
158,overlen001,0x3074dB7DdfEF10a64925a6a6123379679F86EAa1,4,14.67,3.67
159,JhaliaArmas,0x0e5Dd9602Ab1584776cA0163bc9F0830B0274338,4,14.66,3.66
160,IndraDJuni,0xb6A5feD504dF5c3a61B5bf83Fb01e5Eb1A7F3DbC,3,14.5,4.83
161,Choi_Soo_Sun_,0x949aB7B5d74D4de6936e0C6fa02146C47A1dBbf5,4,14.48,3.62
162,Chorux666,0xBfB6b759E824CfdFe81e475DE2a4dad15f31c765,2,14.29,7.14
163,Dkverma89,0x96FB478eAda938765Ba686DF6988a6EAAB49e416,4,14.25,3.56
164,Iamscott08,0xed3624c2f9e5cfed7b045141b5d1df68f9a960e6,3,14.25,4.75
165,mdTarik1390649,0xB6381D7958EB73E0f8771FDf3350B33d4bB9f235,2,14.25,7.13
166,Dapper_cea,0x590997bf8f5249fb6703c151ddd7c19b0434abd3,5,14.17,2.83
167,kumar58429,0xAF83a69b531e52D184fEAE7D3F3cA3697dCfF592,3,13.75,4.58
168,Clinton910z,0xf8e5bdF253aD5Be1d254433cF0Ee2E179A35E8e4,6,13.25,2.21
169,Punisher3505,0x9D3CA3A3Da4d033ACee296D4C1829cc5143e0fAE,5,13.25,2.65
170,slim_timothy24,0xc1e337bf5977d0947f6a298c0a8be225093f1716,4,13.25,3.31
171,Trenchwalker_io,0xabe2e29a2916b1d494eb2ceb998b46d8c06ec2e6,8,13.23,1.65
172,0x_Nihal,0x3e84F76A360af2fb9e2b33fe015d7bdd3953b260,4,13.2,3.3
173,mateocpatricia,0xCe84c05918315Fbc43348a886EC6839264241843,3,13.19,4.4
174,eternals_io,0x408b95510e8e5a1d065ebd8ac8858eacc8478ad8,3,13.16,4.39
175,NightCitizen,0xa5d4479e06e1C397d81869436f622AAE06b801C9,4,13,3.25
176,Musty_hasheedu,0xdadaff041dd50ff24317382e51325a708de446f2,3,12.98,4.33
177,GpaAndy,0xfe2cB10B37Cb2060C21b1f4fB9Ac5e8AF1CdCA2D,5,12.83,2.57
178,Kyo_NLD,0x00edf8e6eee1706bca287d6e9ed23bf767fc4a07,4,12.76,3.19
179,Dannyboy_0x,0x081d4609e4948e678021112fac0c442d4f6d355b,3,12.75,4.25
180,Mr_Frank5,0xB5f319AaB9a35cFaf7b079c20cC43590Fb1252F0,3,12.75,4.25
181,ler_oyy,0xdd8062e955799ddb7e1849ef1f830345e3a13d72,5,12.56,2.51
182,torettoj283,0x8074C4Fe871B511Cd7416083b15fA72AE68fE8ce,3,12.5,4.17
183,sajib1006,0xEa4Acb9c4C8F068EAF38e9EFb658F04650318dAF,2,12.43,6.22
184,Mariko0x,0xEd49Eb1503fD3cC40744bF1474926Faaf6a08BDf,4,12.27,3.07
185,thuykeo56,0x0d73E1f2bbdB8a39C19e94fF71C6765429DDE485,4,12.09,3.02
186,bnbtc8,0x49Cf9f12d3E78E3A5A6B34073274d11d6b012e62,7,12,1.71
187,fofan_eth,0x9df5cf833ced34428d7be5efc421f1075f7a96f7,3,11.75,3.92
188,TheFemog,0xeB007A72346edf26e9910957AF4c2c14853EDE2d,8,11.67,1.46
189,congyinglingxia,0x68db396c4f88fe96d9ec7d3c9bc80baf82bb7f87,4,11.66,2.91
190,PPham101295,0x9f4eb3a88ba7a263facebd58d56b6c6f879db34f,5,11.1,2.22
191,Surprise6198,0x7410dd515287bf51a95cf7e3fd220210413c9b5c,4,11,2.75
192,xel_god,0xcfdd620d944361a91860b846679594bceab2738c,3,11,3.67
193,hizqilsky,0xa64768627f4eBdCac40CD830485987ac2E6a760d,2,10.98,5.49
194,0xhypeeth,0x7ddb22b48ccb1104f24e98d5f74b97f46c9ec888,5,10.97,2.19
195,amosope2,0xb60914d451886297FE4e3517bc0970BAC1E4E0B9,6,10.94,1.82
196,Krnkmr,0x61eE15C1831ed97005f1dCa65f9821745eC766Ad,2,10.8,5.4
197,Promzy__M,0x96421ac7d040518ac5e667201254d032864f3e23,8,10.68,1.34
198,AkdoganCoin,0xff3a3cfc42d27e85dba9ea85f0bfec34bd632f9a,2,10.52,5.26
199,wucktuu,0x09b44e1722d6b9CBe020fC045e463b1bAf3d6e6D,2,10.5,5.25
200,0xDragonHash,0x5777DA469aF845AdE4E0c89D7AEcA5db9879E0B2,2,10.25,5.13
201,Jani_Jenus,0xF4cEB967489c0ED4065cB48efF4506409B145ded,3,10.25,3.42
202,LannnAnhh,0x5c689c48001bf8bd5F732A88911A66A99639e056,2,10.25,5.13
203,Traviskrypto,0x150905B32B99a5974b846466096Cf51EDf8FDc96,3,10.15,3.38
204,HellEthhhh,0x8F772Af47D8B510D859f47398b43864DDd3F435D,3,10,3.33
205,Jimmysnooploo,0x91d49E37c64eb0cb24D24Ed2D38119c9AB78f3D5,6,10,1.67
206,Musttt_Web3,0x3e9c8585c9bd6426d7f9ae0d52c3757235cbde20,2,10,5
207,cmkamii,0x0E880cA87895132880c1FfC97B331F341dA01051,2,10,5
208,dee_e6,0xDC3F93744EC88DE6782b70b6bcD668F6A334EFBA,2,10,5
209,jul56502344,0x898E7BA5997Edf98aC95E19a2D8dc417Fbe80621,6,10,1.67
210,lordobi_swc,0x75a640EF71a77D856f6F8A5Cc3B1d43AF44827AE,1,10,10
211,madmagicsol,0xc88FA8BF8a0A451b5DE6D1ccd35F89fB92962bd7,2,10,5
212,shakibmunsi0,0x442bE7DFd31a9C71D1b3d3cB3cE1A4Cf3dBeDa85,2,10,5
213,padres_fernando,0xF02F4DD849F027D49041b0c3F8e653Cf8E3EDF1e,2,9.86,4.93
214,rylnei,0x7428295c6b7ebecfa25d91e05d47a2a59dfa6c90,4,9.8,2.45
215,0x_Kalista,0x4548534b1a5b599F57AeA9e7e2174603bf0d967b,3,9.75,3.25
216,0xulfr,0x70a64632342c465BFa08bb8c7e2d962cFdF1Dbe3,2,9.75,4.88
217,0xzexor,0xEC7355518962E00Fb192F8c0be16C277Dd593e82,3,9.75,3.25
218,1shreeram0,0xd9c60e1159e5acc20552382600a50f8cda1525e7,2,9.75,4.88
219,Mrr1572,0x7C056212702A3Df8bDc5F18aE7b6B9ed6657E6E0,2,9.75,4.88
220,SultanNasir51,0x113465e5062a655e7503122575AF392D55b73b59,2,9.75,4.88
221,Wilsonpablo108,0x87b636ad699636617dd7b69dd0973e46d4ef6103,2,9.75,4.88
222,ahsanzohaib,0x48BBbB8989bCA0C9655Fbd716AC511a1F03E9d5F,2,9.75,4.88
223,catinat25,0xbAbFF80ceDFb5D663332D8DA03c56be85293627C,3,9.75,3.25
224,juior2012,0x9e7486e6e393ebBd68F73Bf1D74A901d1553AC3C,2,9.75,4.88
225,luckyluke_eth,0x176987a76d999bf117377aaaa6c2e54c44fcf6f7,3,9.75,3.25
226,mehedi_onchain_,0x14D21355Db8569736A583e0197385f5C26888Fbe,2,9.75,4.88
227,realmaxfi,0x6A14588d869E0B11Dd8bcA209aB982315036fAb0,2,9.75,4.88
228,sheetlyxbt,0xcc6c55a1ee9c0771d184738203e4311ce79bc747,1,9.75,9.75
229,teelacream1,0x951258c3e166ca7f5cefac5bcd099778d5767885,3,9.75,3.25
230,0xxenoweb3,0x82813d1528f0b25360639460070080a756c69029,8,9.74,1.22
231,theeeApostle,0xC8D3ddeF1Fc8240739D60965a102E3F7bf8BAE30,4,9.73,2.43
232,Ahmazingammahh,0x561d7dc6dc66d4d2e3fe33d138f7de10ca01cef7,2,9.72,4.86
233,iamlequanghuong,0x23934e253c4f9c44f73a85b350c00a72e1d9c20b,1,9.65,9.65
234,saoha93,0x9219d387224d1d9bc9009cb6395a2f2e0094726b,3,9.64,3.21
235,Dan_cryypt,0xfcd795d81b0c8f45afa1b5eefd9e02fe29e6f6d7,1,9.58,9.58
236,0xSprite_,0xe2f6aebd4dff1c6593fb0a645d5a6b3ba8111a38,4,9.5,2.38
237,AnhDaDen811,0x09e4ed69b90612a178f117ccabbacc1979901c3d,2,9.5,4.75
238,jeniferweb3diva,0x7aE8adFcC778c66c312bFbaC84Eff1402836ce7d,1,9.5,9.5
239,dinhturin,0x9c3419a8d3b46e5c7150e8f6e3ec1a8afc1e9db9,1,9.45,9.45
240,Fabulous__xx,0xBEBF32f7b33B41f8B141F168f1f61Bf4Bc4AE774,2,9.41,4.7
241,traderibo123,0x7eac578521fe48f8ef5068563f67e768b8a85f9d,3,9.4,3.13
242,eric0xbt,0x88E6fAF07919c849a6dD8c46416D2616db61AdA6,3,9.38,3.13
243,Enzoxbtc,0xCDA9BFD21b74ffEB74Ad1300256f3f5d6F77Fe3b,2,9.25,4.63
244,Just_johnny4,0x2A4AC7409D43D111A3E471087226618538fF2B71,1,9.25,9.25
245,KingandNFT,0x3F31Fd7A98f90638b1263AAe656aF79A2002dc1B,1,9.25,9.25
246,kodd25,0xA316547E27bCF7F175eF4d5044D22Da6AE6d9edc,1,9.25,9.25
247,teesjnr,0x45b97f753f7cdbf2bc70fe013b854adb714a13b3,1,9.25,9.25
248,0xKeng,0xD924d8402Ce135957DC35fe338C61690e24861aD,5,9.19,1.84
249,Hieutrinhvn,0x03193b2a5580ed18cb36efdac81b323bc746f33e,3,9.18,3.06
250,Caccy_001,0xd57e1aacd744e231868cec97fa038f7f65c915ef,8,9.12,1.14
251,0xfahadxy,0x15B47032e5D0ed4373E37Df8fB5962e88fA4dD89,2,9,4.5
252,MustafaKOPAN11,0xfe4a4Bda927BDEe6f6650d419Fd3cD9018d4660D,2,9,4.5
253,ezraverse_x,0x03CA1a1A0040597679402d71813C0Dbe877f4116,2,9,4.5
254,skuullls,0x23edd37103613e3d86a4274ce0dcba1fb72f1e8a,2,9,4.5
255,saintlee04,0xfe3bc1eb469c70bfb462a9e208826e990bb078c0,2,8.95,4.47
256,Eccentric1206,0xB794CbB6FDca6E47d537De61010675669A86Ff57,3,8.75,2.92
257,MadarM49564,0x698173b62cb87686b2c038493bb9d538ac608287,2,8.75,4.38
258,dqnnt1999,0xc4f1e9000e039e97dc5092fba83c8d34dd41f727,2,8.75,4.38
259,growth13130,0xfee7968d2337e3f3e80be40c728f3f7aa9255c09,2,8.75,4.38
260,pro_hi2592005,0x94F4e89c91BD375Eb9aa78E4bDbDd67cbF12e18A,2,8.5,4.25
261,phuongphuong,0x2c8165f7636b6a020727b756f5a48438371317df,1,8.34,8.34
262,tamtd,0x82032F4f85f4A9ADfC0B1a881D7c8C93653E4812,2,8.33,4.16
263,Hz9r8nxlJason,0x84bf184ab1a0cbe65531f14c2ab0a891253f19bc,3,8.25,2.75
264,Paulxbtc,0x7c818C391Db52bEB3F77DD6BF4468eaC5518fFC1,2,8.25,4.13
265,bobthebeanbaby,0x00aF28f49C01E28c4F25C2c3a7f33E508D777A07,4,8.25,2.06
266,yuhveil2_2,0x5c3f31561228fff228fff16b48007375336cde56,2,8.25,4.13
267,MsxChriz,0xe9f1e71E409cF1808925519d427Aa5AC65396Fd0,2,8.21,4.11
268,tranthanhbk,0xc83c8916a1b9414de7f42deef4eb01917ec74451,3,8.16,2.72
269,GhazalBasma,0x5129aA3ad7Dd8539bc3929702686FfcFa9f024C9,2,8.03,4.02
270,tdh1302,0x21b45103dd05c43969daF3CbB4277391777e2eC7,3,8,2.67
271,0xEccentric,0xB794CbB6FDca6E47d537De61010675669A86Ff57,1,7.95,7.95
272,Falalu83,0xF96ad411eAe22DDc8aA7Da3D496413DF50FBa8fc,2,7.92,3.96
273,Cryptonews678,0x3aC5974fD4866700ba013D4e1159Bf7E3D6d6256,1,7.88,7.88
274,emiremetax,0x4EA3e78C11FcE7DD4d7e3AA8F37Cca193E9325B9,1,7.87,7.87
275,JuanJoParejo,0x04301601de687236E912a8c22A31625D6EeA3c5F,2,7.74,3.87
276,binlan883,0xC8678170e0E793AF3DaeEdbFB07c045a8b4bb393,2,7.5,3.75
277,deborah09167,0xE45c4407c27fC6e27a716367e2FCB3c9A83B68e5,2,7.5,3.75
278,sanlouissk,0x86c33d544a8fcf77cbbbfe5b17ca3542ab7abb9c,2,7.5,3.75
279,BumPRx,0xa48b036b9FE9192552F6911c7d15d3b943e2811f,2,7.43,3.72
280,linh180796,0xCECAfe0749D91E990B51e879952322d35a7072d5,8,7.37,0.92
281,Chainbuilderpro,0x73e5D578929799f707707B3e73adCb43907D5eA9,2,7.31,3.65
282,readnrest0,0x02454407Cc4a7Dc79788372929bFc767d5e1D7e5,3,7,2.33
283,hanifgaming123,0x3430Ce58a8D5E3e31C1F73e0f3377BA65d92Aefb,1,6.96,6.96
284,Ishaq0x_,0x6a5a3825554dDc464084909ffD722191708B1c0e,1,6.85,6.85
285,Thaiha_nhth,0x15123bE4663dDe5eba8a4457A3050a3545367c05,3,6.85,2.28
286,0xMrCurly,0x197bA93c3Fc804446626083bb8bba679F90222a8,2,6.81,3.4
287,johnkelly639934,0x4d2127Fbe2eF183135cE38C08f397C19901daD1C,2,6.75,3.38
288,Mertonghen2,0x8b0f24feec036aff6a6651b811492ddd90b82a09,2,6.68,3.34
289,RurouniYu,0x784369FaB89a92F242b92452Cb19aAc0097ca4C3,4,6.56,1.64
290,thekrietor,0xae982f37Ef5F7922b7A497cba3b23C441C7cac38,1,6.52,6.52
291,efo_xx,0xd758e4edbf63c23957214282b13ca9bfb5b72676,2,6.5,3.25
292,st243852,0x93eecddd94fa42f1b0c082e79ea1998a91216acb,2,6.5,3.25
293,Dhavied_brown,0xc750758366FA248Ec54590d8f98dF3358368238d,2,6.25,3.13
294,iam_REJOICE1,0x650E317113C7e883d58AbA5fbD472e5F195C27c3,1,6.23,6.23
295,CryptoLorento,0x564345897F26d1653A88BD1456d4090ebeB4405c,1,6.22,6.22
296,cryptolorento,0x564345897F26d1653A88BD1456d4090ebeB4405c,1,6.22,6.22
297,rickdeetweets,0xecec188d4299d8f00d8942f9b2e9b7210e9bb614,4,6.2,1.55
298,siraj_dev122,0xfc7e35F51c1Cf318fccbe677D9289924ec852164,2,6.09,3.05
299,Young3stOG,0xAFE9f4654cD8237ffbbe9379F20021499Ba51431,1,6.01,6.01
300,zuijiu61637,0xe0facb302a52844833729181d9a0a5c8894895db,2,6,3
301,0reweb3,0x182c60f0d2beb81C99B7f52b3f1310F670294B45,5,5.78,1.16
302,luis_usaa,0x1a04d1f97F7CF151Cc76bb3d51d2dffaf29dcc4B,1,5.72,5.72
303,Heroman0x,0xd6a83529fDaBb0c8711A58b1244263862dbe9969,2,5.71,2.86
304,juss_vedas,0x979Efc72454e7343b17180a92c53df87C5E3D562,1,5.66,5.66
305,8ighty4our84,0x7525c1edf43cdb991fdae5ec70bb4546e5aa0ce7,1,5.58,5.58
306,0x_miraweb3,0x68B0026004A79e5998533a5ab6A836c42d2d7632,1,5.5,5.5
307,0xgoryu,0xc02fBf1D030Ad97b84c1E1A533d37a6A2a1Db2B3,1,5.5,5.5
308,CryptoFoysal_,0xd6F2F95A5fCDc00c53e2e638D56d5A50b7814b8b,1,5.5,5.5
309,minyu1609,0xf90225c6f9A8588235C67825FbAE4A4291d44b31,1,5.5,5.5
310,skysaksham,0x13b55e5284d66e5b44667244af871764361d89bb,1,5.5,5.5
311,0xcuongdo1203,0xd48E13DE39d4CB4F70a83ACfB3866fBC8b9B947c,1,5.47,5.47
312,Sainoleno,0x0983e5fa77c7eD9F6337e39bb18a3C50947c5019,1,5.41,5.41
313,ArewA_96,0x61fc128e27cc1cfc42598fb411a3ffa82eac808a,2,5.37,2.68
314,NekiWeb3,0xa3a19133ad1b8a7140cb2f8d69bb40b546c68884,6,5.32,0.89
315,Cryptohustle360,0xf2d11B5d9aE8c69D058Bb51E3a60077Ab8534b1E,1,5.25,5.25
316,Ringman90,0x149d485f982015b9fa7071dfbbcad66b494cb9e5,1,5.25,5.25
317,batinho13,0x81f28a69bd2ad3405b7a87272a10e2fb0b2bbfb0,1,5.25,5.25
318,lifesty93141824,0x27232e2719988467e9d8b415b084fb40f5b816b5,1,5.25,5.25
319,queotamky,0x39134f5b54aae49a76c4c015c0a5c41241181e55,1,5.25,5.25
320,tkcyfc,0x2899b1d9a696ae5317f7988384abe88393f5a2a5,1,5.25,5.25
321,adajim4,0x028cC8339CfaDbB0E706981118a5D91A725aDCCB,1,5.17,5.17
322,NhiBestAD,0x0e3d54f71600ad3e71ea8334177b441bb3ed8537,1,5.16,5.16
323,helpermc,0xfd3b50bb02d9ef01c36703e49d050dfc3f5b3690,1,5.15,5.15
324,CrYpTo_MaTkA,0x5eba6e6842ad7e314df0c71e0103de504a1e77c8,1,5.13,5.13
325,ItsDackie,0xdb79578522d2397341954831911b71712136282c,4,5.13,1.28
326,0xSweetly,0x7ec063ccee44945f2c6e7893aad91450a4d1275a,1,5,5
327,Akinsola06,0x3e4bc5f26711fc6af2dd5ff0d234973a185075a3,2,5,2.5
328,Breathe_Agent,0x645f4dc1C08D30BC4c1763bb7A9F97E5f5AA3420,1,5,5
329,KhaHuynh1995,0xFf9622a41d37760e390e577A581A13d1D7cD2EC7,1,5,5
330,NeoH0DL,0x304261e5Df3801bD25CF2912Ec1af32Cad25D604,3,5,1.67
331,Svrkee01,0x7eee4653d932dca391b94a807f7a0ec3dbaac8b0,1,5,5
332,kaitran_94,0x88054bD4a3D77E11D09702532D594ecFA7777fBA,1,5,5
333,okeymorak,0x2df868f3176ed8f95d3b0d617a508e2478454ddd,2,5,2.5
334,cryptoverse67,0x5768fEE0a0b0A8EB28C4AE5c0eB39C50f084064C,7,4.89,0.7
335,Nguoithieunhi,0x2e673d065258dbc4b640686e82968025c09feeb9,1,4.75,4.75
336,Real_h_ero,0xcd7fd3e0e6BbaF586439444284d8F228fA426B0D,1,4.75,4.75
337,furyrdx712,0x757e602000f34fc2099d5af2bba1bd2e5bf49f25,3,4.75,1.58
338,maza65ct,0x8779a475bd06f46c88ec10768e540c4f719c9d87,2,4.75,2.38
339,pogo7867,0x667Af77577F86C86252EC7e6C7Bc400E8494A8e1,1,4.75,4.75
340,wilson_syo,0xfe1D07F523ED7A45417Ec38bD78515828956c8AE,1,4.75,4.75
341,d3rekson,0xb4722f075317f877e7f595131a4c9bbf3ec3800a,7,4.59,0.66
342,Chakdl,0x6FC4a111e62c0a10f0246be5424E83c72938FE06,3,4.59,1.53
343,milinerose,0x668eb55cff1C157Dcb36F3C34c35665f03eA465c,3,4.55,1.52
344,minako_rpm,0xC1d37688867118246A3C80Ad7705F1c69AE1f6d9,9,4.52,0.5
345,Amenouboy,0x44b6De46CDfA8A2c16c1bd2D13DF8f07D0835c64,6,4.5,0.75
346,ApU_YaP,0xd3A8a80267Cd70a45def5054D0c10EbE87F3A1a0,1,4.5,4.5
347,DerusXBT,0xdDA875aB21eEFFEaE8DAfC5Ae3bFd21d9acE6d21,1,4.5,4.5
348,Dreamsgrowth,0x08725ab091B016470f5dE76677ac4Bd81beE5022,1,4.5,4.5
349,Mr_A_PVT,0x989CA9262d96B467DC8B03042F37A81A3b0368d1,1,4.5,4.5
350,aaminhajj__,0xcb172bf110940d6c8ebd32b4a41d1101495690f5,2,4.5,2.25
351,derusxbt,0xdDA875aB21eEFFEaE8DAfC5Ae3bFd21d9acE6d21,1,4.5,4.5
352,nazarius_amb,0xce48E68904B2EDD163384b3D4c8c2B22DDa05671,3,4.5,1.5
353,ridaatul_islam,0x27Ac609C4B4A2574a94F9d68ecA429CFA8738E6a,1,4.5,4.5
354,tremstrak,0x64d9D1b040FbbEb8119B779D4F4B91531A0Fe903,1,4.5,4.5
355,xsharedaily,0x1199c5df13deecdc03433df7dde890fbee56fc1e,1,4.5,4.5
356,chaeri___,0x76F160F89a15920bE51dC66Aa957f490146F744d,2,4.49,2.24
357,olapadesam00,0x0A98FfB8E9702E093AfBefD50A228E6B4b8A1a80,5,4.49,0.9
358,MANO143302,0x43d459dd6a4e50206cd3FAd65D592E73781ac3fd,2,4.4,2.2
359,0xdoha,0x7A4D7538e48F775678337597826D225ed3134Bd0,1,4.25,4.25
360,0xr1chie,0x25a58F5033C901e535bfE23Ed89C68b8E87738c5,1,4.25,4.25
361,A9lansir,0xa2b9091f1a71c4e2d78214f772e9801be5c52ec3,1,4.25,4.25
362,Franklinn311,0x9EE7d46c895697cfDAA3863FEF9fbD942Bb9ee95,1,4.25,4.25
363,TowerTemennigru,0xD6846Eca71f7f57defEe8301142dcfb006E71140,1,4.25,4.25
364,Vala6,0x4898B1481cA18FD98ABA2b5Eb86B12eF6633c03D,1,4.25,4.25
365,mohitfarazy01,0x9a185e76e57f472382c30f89a961fb22f9d9ee41,1,4.25,4.25
366,path9photos,0xa06165FC508E7df5043dCA84ce7070F351eF8676,1,4.25,4.25
367,tcmalpha,0x471faf231212caad6554b4e3ec1fc5255f36f468,1,4.25,4.25
368,fasahmeta_x,0xBD4Cc603cED7057fE1025A6101879cAA61ddb43B,1,4.18,4.18
369,Yashashre1,0xBf8aC28a677db23Aba7144F1357b71D7881f6E53,2,4.15,2.08
370,Abdulhakeemson0,0xbe65fa54eb13e60a42c29ed96ceceeecd31d56dd,1,4,4
371,EminAhmadov14,0x8b585A97ac32045A6C675462339928abF6f1d8f8,1,4,4
372,IParvel56536,0xC57336E882575Ae8d97ab6d73c4c02f82B449252,1,4,4
373,Juilan_mr,0x77ED5b57A08436C218eCCe26fa9DEf66E149e0F4,2,4,2
374,JupXeno,0xE44D72598D16132214D38ad499880AA1cdA05372,2,4,2
375,Labia_cake,0x2da82580d6a07a3375aac232ace6b9698ee8d4af,1,4,4
376,Ola_of_Oyo,0x3d3903152c3d5fbb4e1a8d2474e7fc4779ef00fc,1,4,4
377,Remigirl1919,0x93BBD282f808fd5dF7a9b5Ba23a7B64591D75e0F,1,4,4
378,iam_miyulux,0x128B4D9A062d137710F362d2b5c0B81E2726cC40,1,4,4
379,keremabi16,0xb7B36D147A85949F3bb96a8ef348fB420209bd40,3,4,1.33
380,mirza_sarmin,0x849c5E5e8851c8409c6fFc54e26CaD303b236921,3,4,1.33
381,mucphone1,0xc0a26b567430e1b4708a26677c07b04e94e37a8c,1,4,4
382,not7717,0xdd1d28ad03140878b243db448d6bb97a7c4f5198,1,4,4
383,sanpaoalpha,0x9dcb761509c3e37b87619662bf666a4f0999c95f,1,4,4
384,tldn43,0xb96cbccd63d9e6f38c1c051a7e3d9bd63589d405,2,4,2
385,Abri_crypto,0x6c64263Db81687f843B6Ab4A37977F8b940dFbb5,1,3.5,3.5
386,Area21SpaTampa,0x334B6C8C6CDa8A60B1F0619b8C1fc82dBEad81c0,1,3.5,3.5
387,CryptoAll3in,0x09d5f220e7f81f54dcf1c9b62c0491be7e8d91bd,1,3.5,3.5
388,Cryptomodeerf,0x4830aca0ca5056a706203eed94f6a55565e06b3c,1,3.5,3.5
389,Darkracula,0x7558de7293d1d3f4963f0d2e79b4e6a60c9a58f8,1,3.5,3.5
390,Gamingallin8,0xb5f77a066d421c3fab48dfc9ddd2f030bf334147,1,3.5,3.5
391,Mm3yap,0x9ed35b26d3ee2da7dfa195e095b366461e9dc775,1,3.5,3.5
392,dexterderler,0x3a5d74045A04f46C0FdAa9776FbFD317FFa7Ea68,1,3.5,3.5
393,ihd321,0x91f2f26edcb50e934091a880667fe33f6d715532,1,3.5,3.5
394,jaydeexbt,0x36b661f0820e72bf8be96568d52a72f3ebb673f6,3,3.5,1.17
395,kosturmabeni2,0x555Eb90bA0Fd7379eDcc5692F1a3A1c4D3155d8A,1,3.5,3.5
396,x420690,0x7046863ae4e11bf32d60b52c8bc23dd0cf31ecbf,1,3.5,3.5
397,Remzzyvibez,0xd229E2eAe32F218311Dd93693217FF6dd5B87bF4,1,3.25,3.25
398,SSWeb3_,0x4acceb9637f1915633610dd0edaac7acf32f012e,2,3.25,1.63
399,azmangil76,0x1dB5E2D74313f7643955054d2518BEC663Bc9738,1,3.25,3.25
400,casio8112,0x81c75e7249de85a36ff1103f048dcef162414188,1,3.25,3.25
401,fillipsxn,0xfbf6cb4fa1dd2e457b96aec9907857948246810b,1,3.25,3.25
402,im3mortal,0x01007670bd0304cb26603e5c71ce469dc2bbce77,1,3.25,3.25
403,Lin98201,0x98b1452Ad6EBDf3019F7DaDD5BF93d4D147Eb7B6,5,3.21,0.64
404,pigrichh,0xfcd3f83648aff5abff318afff00f4e2b4ffda7c5,5,2.86,0.57
405,jinli217978,0xabe2cccdafed6cec19e47a3794eeb487e646bc0f,1,2.75,2.75
406,9955995king,0xe5055bcd239f51e2d09d318bF32A11Ff3a6c2beb,1,2.25,2.25
407,ALL_TIME_APE,0x9F5623E6bA9aAd8d9ca16377CBF5cCEB36C9fF27,1,2.25,2.25
408,All3in4out,0x02f6dd084188c2c238e5e50bd75667da0b4bc31d,1,2.25,2.25
409,Darhtch,0x76dab6bce9bbdba28d562703abdcac2774c9f2dc,1,2.25,2.25
410,Funboys_78,0x1aba551d336ecc4e4e9957745a239c555977833b,1,2.25,2.25
411,Fxxjing,0x650Ff11EC206A42Af72b9D29623A9BF5f927D7be,1,2.25,2.25
412,GhostA789,0x000e07f64faf882efb6de762e92caafd021056ac,1,2.25,2.25
413,Lucky02568,0x83d9095d0ae5af34df56c073f78b17da20781a2c,1,2.25,2.25
414,MDSAGORISL19566,0xD39285d3878d621320d4a603cC230161dd33ed98,2,2.25,1.13
415,Marufhassan76,0x8460Af0eba04aC9d6F74290e6cb54344f97977Ee,1,2.25,2.25
416,NguyenDoHoangNa,0xb31fa6f0029377820c5c01216da717244b61a957,1,2.25,2.25
417,NudistmaleZ,0x0b0ed1f17c0d00dbd80e4cda37f50d22fd8e3212,1,2.25,2.25
418,OnlyPulo,0xe71429c68b2a0c55c56f8316f9ba2cb78419ac77,1,2.25,2.25
419,OxxAkash,0xB650e795fbBbe90E7fC5aefBFfC518F1B973445f,1,2.25,2.25
420,Pluto_Crrypt1,0xd8747642cec99a9fd2f834e0008c48828c5b8a4c,1,2.25,2.25
421,PumpVaultBase,0x9749eed9fe2027697c755d906c1ae70af44e9a92,1,2.25,2.25
422,XiaoZhi_BTC,0x39b217114b4b8b4d4f5c66044d3fb89483d58202,1,2.25,2.25
423,ZhangXing50480,0xBe185faFf8a5447127C041037092b488d9c3fc38,1,2.25,2.25
424,_cjsy_eth_,0xb60691cd7fe2aaebac98b2bab3a3c0665d14918a,1,2.25,2.25
425,all7i8n9,0xfcb36187bcafab981ee787b5b08a845e961008cf,1,2.25,2.25
426,brightness96,0x8409cb7eded7807e8440c0c267a6acdfa164bb4e,1,2.25,2.25
427,ddcat80,0xe9ca28d97aa7c2739bb2f7d7c89a500e44caeff0,1,2.25,2.25
428,drpengu6,0x35be0738c74cfa88720b26b6d6c74ff373b767b1,1,2.25,2.25
429,hien_xxxx,0xba647f9fe1909c758015da067941b738478ef0a6,1,2.25,2.25
430,i_m_m_,0x562982024F31889fc025f718eD565887aB5a99dC,1,2.25,2.25
431,prayz_dev,0x1d7Af3d1de21354BBFFE7d22761AeDDCBE71D216,2,2.25,1.13
432,publicitsx,0x3d804a2091e631ba2662c7f64a7e82ce21f6daa6,1,2.25,2.25
433,qingshanbing,0x86bc57ee241565c0da6dc6e0efed9b26ce10c470,1,2.25,2.25
434,rmvai640,0x8E0eCa460Cf2940B69cc6984E75c6Bdafc55323D,1,2.25,2.25
435,sugardad076,0x28bab1b2d9e51b1a90b22fd4c346db6b8dc44cb2,1,2.25,2.25
436,x.com/amosope2,0xb60914d451886297FE4e3517bc0970BAC1E4E0B9,1,2.25,2.25
437,youguqi2023,0x0579704631f4042da4ed7eb5d5b808bcb15143d1,1,2.25,2.25
438,Arionnz,0x8445a688e7bfa2a159af2f1f5f619920e4afa689,3,0.58,0.19
439,adekiiiteee,0x2fbc28158512fe2d3b1679396f2cd56a6b62abab,4,0.25,0.06
