username,name,wallet,total_score,total_posts,total_views,point_percentage
Goon_crypto,Goon,0x73B6bdf237eD04f40E5684f3e5718F9239B5d64a,145.50,8,889312,2.39
0xzagen,zagen,0x1aad084517ea492a67fcca54048c7e0404ce1ab2,112.00,4,7356,1.84
jbcollins01,JBCollins,0x4ca432c4698db24259810d3696c2048a69906891,83.00,9,54395,1.36
denispodd_17,denispodd,0xf517cd0843aefca24046d0ed02d6e04393678ab8,75.20,10,12789,1.23
3DMax_Virtuals,3DMax_Virtuals,,75.00,2,0,1.23
0xweekend59,Conan.eth,0xa25CA0AB85421292725Ebda66e07C7C92b14F021,74.50,13,48747,1.22
bizbrainzuni,Biz Brain,0xd5A065E5c38c7d87f6B90e920f4e1aCc9722d97a,73.98,11,1364038,1.21
zyllona,Zyllona,0x93e21001370ebfc72e5f3e8c8a8338fb7c6907bc,55.49,6,27426,0.91
0xRiRoyal,riRoyal.Base.eth,0x037CE8F01B71942E0dd12E81ebeA73dCD4e1afb7,48.50,5,5756,0.80
tienho_nyx,Nyx,0x5e6e06c673e199062a4779aa0dd47df445c88e41,48.00,5,9498,0.79
77bncvbsdcg,Faustino,0x08EeF384cff15b1518f214bF491cF72AD1c6f79f,47.75,5,11513,0.78
0xKeng,Keng N,0xD924d8402Ce135957DC35fe338C61690e24861aD,46.96,5,4757,0.77
rickdeetweets,Richard,0xecec188d4299d8f00d8942f9b2e9b7210e9bb614,44.45,5,11400,0.73
Bigmanstuff0,vulcan,0x96993C0aB74299f3C304a08DE30Dc2a3f1E072b4,43.07,5,9103,0.71
RMac_5,Ragen,0xaaf3630e8bd9f09ac5b9861a734029122c4b194b,42.00,5,14744,0.69
CnVL8,ALong,0x885e477afd23e6f915a9cabe6e6dba076464de5a,41.95,5,3416,0.69
0xCellep,Cellep,0xA49678827288d5327227Af3517D602dca6d5Ba56,40.57,18,5099,0.67
HEiMajesty,Divine,0x650fD15d0D50E05cE202deC392096E9cff78BD57,40.09,6,5527,0.66
INOKAMIKAGURA,Kagura,0x171b5b46555e33e0674436acec2663980242adc6,40.03,5,4187,0.66
0xFatih,Fatih,0x2f6e4df72fc4c8defc63fbeab367348da0a4fbdf,39.97,7,9328,0.66
ler_oyy,Oguntoba folagbade williams,0xdd8062e955799ddb7e1849ef1f830345e3a13d72,39.31,5,4169,0.65
theeeApostle,Aista,0xC8D3ddeF1Fc8240739D60965a102E3F7bf8BAE30,38.00,4,11194,0.62
TrieuTiger,TrieuTiger,0xd10E26a2fbfe2732cA442BB697fba9eB1e754c6D,37.84,5,19742,0.62
0xHeroe_,Heroe,0xc2220f187c1be3eef9c165453af54b1d2b758dcf,37.75,4,10481,0.62
Shawnn_moon,shawn.ip 🌕,0x16356f0dc7f6c8423e5daa899cfde7162f58159f,37.67,5,7676,0.62
maanar_ooo,Manaro| Endless 𒀭,0x49A11267E4b16c576bFE2bb6725e36D8Fe759E7B,37.50,5,2096,0.62
Realboybr,Realboy,0xdeB66d0B70A20cb084645e7799D3b7E55b7E6D17,36.65,5,3166,0.60
hbo_data,HBO,0x1A062aA6EFD4Be430B71Fa1436d72ec24bB381AB,36.63,6,2140,0.60
KaylashowDq,Kayla,0x9574ba2c8a3cacca41959765d2d05eb431001bf8,36.50,4,13023,0.60
Villa_PHM,Golden Ducky,0x3BE469353358d9b92078e9601278088ee0205CAe,36.48,5,889,0.60
KGeNazeemali12,Azeemali,0xe5e84bcf3e570bb3c690363b9e54bbdd8449ea5f,35.74,13,19144,0.59
PPham101295,Pham Phu Dung,0x9f4eb3a88ba7a263facebd58d56b6c6f879db34f,35.28,5,6701,0.58
ajjeee__,Ajjeee,0x1cc25b09bfdcc5a3d10da91a694e0000c7a2142c,34.09,4,8206,0.56
sothh84,Sothh,0x2AA3D9acc0818855Cf7F1567a6C235B9702246D5,33.85,7,2542,0.56
azaztrader01,Ozan,0xDaa357631250d237E46C2648c7CbF32Ed470A55d,33.30,4,4708,0.55
amosope2,Yemi,0xb60914d451886297FE4e3517bc0970BAC1E4E0B9,32.74,6,1000,0.54
dinhturin,dinhxomgon,0x9c3419a8d3b46e5c7150e8f6e3ec1a8afc1e9db9,32.71,4,2686,0.54
khoirulr331,Khoirul Roziqin,0xec5bEB264d0b7Bb0A3a1A686050F3b00eD8F33De,32.12,12,19284,0.53
stuyzy27,stuyzy kenz,0xa76823d55a93378f5b08bb5e2725a49c6688cad8,32.07,5,5131,0.53
rare_bd,Rare,0x271c72589f10D8eA866eDB97b9db09ab12ab9721,31.71,6,973,0.52
Trong_Hatachi,Trong Hatachi,0xC70D7342332eCF3c26F991FdBC85A8b8AB1A48bA,31.05,4,2794,0.51
Jessdotfun,Jess,0x116bC2E4CEC40EaD576cCC8E5d21f95B9D5e4917,30.93,14,10519,0.51
xleva_eth,xleva,0x7C49e8233598F30d0c641A8AEAe26Fe411337dC9,30.35,4,7978,0.50
0reweb3,0reweb3,0x182c60f0d2beb81C99B7f52b3f1310F670294B45,30.21,5,6038,0.50
Anh_Mot0,Anh Mô Tô,0xc8FAD07aa89174dE09dE18b6ddC79968204382c6,29.00,4,233,0.48
Dapper_cea,Dapper,0x590997bf8f5249fb6703c151ddd7c19b0434abd3,28.96,5,3185,0.48
lev_eth,LEV,0x6c3a90c5Da8b1D74dEdE154B0e441927F2C97524,27.24,5,2739,0.45
bencryptovnn,Ben Crypto,0x2d8E97569C42d3A387E948a6A8bCd6474B47E39b,27.19,5,3537,0.45
kappybruh,David,0x863e3ca52239be57ff34209f26f416f4a083de3d,26.75,3,15545,0.44
glomay22,Glomay,0xAAf4eF6d1c4fDE4663D8c4F6dA97B20785eDF14C,26.44,5,1085,0.43
saoha93,ha,0x9219d387224d1d9bc9009cb6395a2f2e0094726b,26.40,3,3604,0.43
olapadesam00,samest,0x0A98FfB8E9702E093AfBefD50A228E6B4b8A1a80,26.38,5,1024,0.43
tranthanhbk,Trấn Thành,0xc83c8916a1b9414de7f42deef4eb01917ec74451,26.37,3,9187,0.43
0xSprite_,𝕊𝕡𝕣𝕚𝕥𝕖,0xe2f6aebd4dff1c6593fb0a645d5a6b3ba8111a38,26.30,4,2969,0.43
traderibo123,Traderibo,0x7eac578521fe48f8ef5068563f67e768b8a85f9d,26.19,3,5387,0.43
0x_Kalista,Kalista,0x4548534b1a5b599F57AeA9e7e2174603bf0d967b,26.16,3,11963,0.43
Thaiha_nhth,Hannah,0x15123bE4663dDe5eba8a4457A3050a3545367c05,25.89,3,3877,0.42
catinat25,Catinat,0xbAbFF80ceDFb5D663332D8DA03c56be85293627C,25.82,3,3331,0.42
loho_a,preshy🦾,0x74c973dd8cfbba12af5542b3e0bbd4b27526a119,25.65,3,2396,0.42
0xAybars,Aybars,0x2C8B5f6E7CFbaA12226Eb288Eb75624016cD1727,25.56,3,15367,0.42
wa_pc34178,Nafiz,0xaec1616b0F1556bCa708Ea431e5eE7Bc2D6d5E36,25.50,5,1274,0.42
HakanBilgetekin,hakan,0xF5C7F48887536E4E8F4a947472546bA81E74c569,25.50,3,14282,0.42
Drkhaleefah2,Medico,0xb0c7084fc05ed9827683dc38766a930d083af6c4,25.29,12,8649,0.41
er_madamce,KASIM Muhammad,0xFfFb536b929118A05785786f182333ff855d4339,25.26,3,1446,0.41
Hieutrinhvn,Mr. Jax 🐬TermMax,0x03193b2a5580ed18cb36efdac81b323bc746f33e,25.11,3,1194,0.41
EyoAugusti73181,EyoAugusti,0x71e8E723a83305C8625AfA7BD135e502F7714d09,25.00,3,1137,0.41
siraj_dev122,Daniel,0xfc7e35F51c1Cf318fccbe677D9289924ec852164,24.84,3,1517,0.41
thuykeo56,Thuy Signals,0x0d73E1f2bbdB8a39C19e94fF71C6765429DDE485,24.80,4,1875,0.41
Web3Sam10,SAM ⛩️ ( Nasun Arc ),0x8dedce1aff9385ef6f825eec381e13bd422c6be9,24.60,3,2625,0.40
Jimmysnooploo,Jimmysnooploo,0x91d49E37c64eb0cb24D24Ed2D38119c9AB78f3D5,24.59,5,3503,0.40
dang_duytan,Duy Tan Dang,0x6e7dbb10343c03da3f07dc6b6a4747c7748fd47a,24.55,9,37256,0.40
NeoORDON,WARDON,0x5e391fa2c129502de431fe5a44ec0184ecaa1682,24.54,3,3993,0.40
jitusorkar12,SADIQ ,0x002CcB36a4e4Da1c24c6C84F8939D0141529c3ef,24.39,3,1654,0.40
Phu_Prosperity8,edgar,0xc2ce378434bF3500e5CF894F7eC57Be6C8AA1466,24.36,3,3182,0.40
sol_ayfr_,ayıfero,0xABE08B81Dd3D7d67d8Aa753CE37195D02aB4383D,24.19,4,4709,0.40
Wozbekk,Wozbekk,0x19221Aa28cc6269293bC6A3bae4001C93CE38cBf,24.12,5,3070,0.40
Sajib_999,Sajib,0xba2F6Bb9BF00822080FF5F58205b323495A460c8,23.94,3,563,0.39
yapslingerx,SlingerX,0x0D0Db9fB2D2E051b33216c3f42f77F9b3c3C93e3,23.50,3,5816,0.39
0x_Nihal,Ahonaf Shariar Nihal,0x3e84F76A360af2fb9e2b33fe015d7bdd3953b260,23.39,4,1177,0.38
Faithmeta_x,Faith,0x88ec7156802fcafd959f7d7e33c010f60b76aec0,23.37,13,3390,0.38
Blackmiami2,Black Miami🧚🏿‍♂️,0x86678f2b6ca3f126666c59612f2428528340cfb6,22.46,3,3122,0.37
StharDus,StharDus,0xA397D5304b5B2AAA7121c26341A0c636af080064,22.39,5,877,0.37
torettoj283,rheRealjohnDoe⛓️🎗️ボッ,0x8074C4Fe871B511Cd7416083b15fA72AE68fE8ce,22.25,3,1373,0.37
ItsDackie,ItsDackie,0xdb79578522d2397341954831911b71712136282c,22.13,4,2569,0.36
overlen001,Nguyen Phan Hoai Nam,0x3074dB7DdfEF10a64925a6a6123379679F86EAa1,21.92,4,1044,0.36
sashinmeena,sashin meena,0x3ae1Cfea83DA97D533Bb5f5E6E31C4ecDea3E057,21.78,4,1257,0.36
RealAntar1,Antar,0xC51fa87d777de83acbC25E6bb6Fb62290567d513,21.37,8,29051,0.35
Choi_Soo_Sun_,Choi_Soo_Sun_,0x949aB7B5d74D4de6936e0C6fa02146C47A1dBbf5,21.37,5,3061,0.35
chaselightt,chase,0x88Df9f66ef65c3C1231f981c85f7B946Bf6d99EC,21.00,2,4493,0.34
Mzsandy18,AMADI EDWIN IKENNA,0x56c4924FDA0a46490f2135Ca259e7Bf1aFfE9B52,20.90,3,564,0.34
Versiqxyz,Versiq,0xf4cd01c5d73f11b4894e42108f26a7cd1bcf80a6,20.86,8,11614,0.34
SARAwebh3,SARA,0x18D4d74e22D6c902d246b1cdE992300c07D37cE5,20.78,3,962,0.34
rylnei,Rylnei,0x7428295c6b7ebecfa25d91e05d47a2a59dfa6c90,20.10,4,1179,0.33
Musty_hasheedu,Mustapha bappayo,0xdadaff041dd50ff24317382e51325a708de446f2,19.93,3,1156,0.33
PrettyFavy17,Big Favy,0x6Be56fDAAa8De8cf6c8Eea8c8138B0363326750f,19.80,8,10889,0.32
Musttt_Web3,Musttt,0x3e9c8585c9bd6426d7f9ae0d52c3757235cbde20,19.75,2,6436,0.32
JhaliaArmas,JhaliaArmas,0x0e5Dd9602Ab1584776cA0163bc9F0830B0274338,19.66,4,2800,0.32
SultanNasir51,Sultan,0x113465e5062a655e7503122575AF392D55b73b59,19.50,2,4076,0.32
jaydeexbt,jaydeexbt,0x36b661f0820e72bf8be96568d52a72f3ebb673f6,19.38,3,1605,0.32
Axismeta,Khamis Ahmad,0x790E3d7f5421fAb58e63a74CC6aDD7c4b2eCD610,19.32,11,4037,0.32
rosetina_degen,Rosetina Degen 🎩🎒,0x53bB62BFBa912847D0B8d3eff55542bAE991bb0D,19.25,2,14661,0.32
GookieNft,Abraham,0xc4b41818715268ba6d5c78ff0cddd180476dd1a4,19.25,2,1744,0.32
jul56502344,jul,0x898E7BA5997Edf98aC95E19a2D8dc417Fbe80621,19.15,7,11474,0.31
regularweb3guy,Augustine chibuike,0x6c056F656AE0B7F37E15eACB63D577561A07b686,19.12,9,12813,0.31
Trathoa,Trathoa,0xa931D1Fd0F87191e3CD71e68c6A6F39e588CB4FE,19.08,7,15169,0.31
psypth,tyr 🐺,0xd9926e2232b49bab2e1543613d286622411accaa,19.04,2,2435,0.31
hitasyurek,hitas.base.eth,0x4830764Cb1252Fc7553231E2FBF5b09961a29c59,18.93,3,4657,0.31
AnhDaDen811,Mankhan,0x09e4ed69b90612a178f117ccabbacc1979901c3d,18.75,2,11534,0.31
Nex0ra_,Nexora,0x9ff4359d5f8611084e608139d99deefe740b9d3c,18.75,2,9095,0.31
Dzola17,Dzola,0xC6776bBa507Ed718C9D7AeE70b0eA1B1C26ec8Af,18.75,2,13326,0.31
NKLinhzk,nklinh.eth🐬TermMax,0xcf66627975f8809d521d3da76e7ab3fd848a7660,18.75,2,43467,0.31
Gamerfigirl,Viora,0x6865D33a359b2ab9D46CAE2762e9Ed3Fa9a4145e,18.75,2,2198,0.31
Timothyayodeji8,Timothy,0x51a0451a55258e901253b0e7747ba7656987396b,18.74,7,32705,0.31
SpilsA,SpilsA,0xC967255394fa6BD630F8405bD69b51d70Ad73F01,18.72,4,2532,0.31
NeoH0DL,NeoH0DL,0x304261e5Df3801bD25CF2912Ec1af32Cad25D604,18.56,2,2655,0.30
GuruVerseX,GuruVerseX,0xDeAC23A7c7A4F105eA65da2A6a506A49Fa8E42Bc,18.54,7,16658,0.30
Thao19872017,thao,0xaD5DBD9a843801164732353f8555A90db13dC0cd,18.50,2,18191,0.30
IcMechs,Mechs,0xccc90112dc1e75ff6bb9ada31db7b179105c3422,18.50,2,5733,0.30
Kyo_NLD,Kyo,0x00edf8e6eee1706bca287d6e9ed23bf767fc4a07,18.45,4,2230,0.30
0xxenoweb3,X E N O | 🐬TermMax,0x82813d1528f0b25360639460070080a756c69029,18.25,8,8611,0.30
bobthebeanbaby,bobthebeanbaby,0x00aF28f49C01E28c4F25C2c3a7f33E508D777A07,18.04,4,1685,0.30
only_one_oscar1,Oscar,0x5F41297c6c24B5C549E2f673c1e4038bf0cf76f9,18.00,2,4752,0.30
Fabulous__xx,Fabulous💸,0xBEBF32f7b33B41f8B141F168f1f61Bf4Bc4AE774,17.87,2,3095,0.29
rebeccacoupland,rebeccacoupland,0x9c6b6EE9f10e2a63d94974b7A37Df0F1D7457B16,17.85,4,1868,0.29
Promzy__M,Promzy,0x96421ac7d040518ac5e667201254d032864f3e23,17.83,8,7760,0.29
realmaxfi,Max,0x6A14588d869E0B11Dd8bcA209aB982315036fAb0,17.76,2,1252,0.29
growth13130,Nwabueze Ikechi Isaac,0xfee7968d2337e3f3e80be40c728f3f7aa9255c09,17.75,2,8248,0.29
Qirnft,Crypty Universe📊,0x8996a21b8cf30a741078f995d9a58f6c543a0ca4,17.75,2,3288,0.29
Chinwo2,CIN,0xebf3e4918ad4bf0ce224277e1feb513c2887b322,17.70,7,13590,0.29
okeymorak,privacy ish🪿,0x2df868f3176ed8f95d3b0d617a508e2478454ddd,17.69,3,374,0.29
minako_rpm,minako,0xC1d37688867118246A3C80Ad7705F1c69AE1f6d9,17.62,8,7501,0.29
0xcrispdal,Crispy,0x8a5348b3f0c98be7dfdb96f5a3ebc25b6047e306,17.62,8,5862,0.29
Mineus092,Antonius fajar h,0xA87f03d0e70090b89Fd30a5bE355F9daEA1a58c5,17.61,7,3631,0.29
teelacream1,tEO,0x951258c3e166ca7f5cefac5bcd099778d5767885,17.50,3,2527,0.29
Caccy_001,Victor Edwin,0xd57e1aacd744e231868cec97fa038f7f65c915ef,17.14,8,6096,0.28
NightCitizen,NightCitizen,0xa5d4479e06e1C397d81869436f622AAE06b801C9,17.00,4,1803,0.28
1shreeram0,Shreeram Jangid,0xd9c60e1159e5acc20552382600a50f8cda1525e7,16.98,2,1367,0.28
congyinglingxia,Griner,0x68db396c4f88fe96d9ec7d3c9bc80baf82bb7f87,16.94,4,2232,0.28
Mariko0x,Mariko0x,0xEd49Eb1503fD3cC40744bF1474926Faaf6a08BDf,16.76,4,2917,0.28
office2crypto,office2crypto,0x97Bc998dBDD5D5a9df74cB589F4eabd516D4a22A,16.75,3,3219,0.27
Traviskrypto,Travis,0x150905B32B99a5974b846466096Cf51EDf8FDc96,16.61,3,1386,0.27
varyant3500,mesut,0x543e3C00E9C6C0Ed2Ef420302a574F1DCFa83e93,16.25,3,16190,0.27
Dkverma89,Dinesh Verma,0x96FB478eAda938765Ba686DF6988a6EAAB49e416,16.23,2,1054,0.27
luluca_pp,luluca_pp,0x750Ff9679d229CcC28Ba6E011bAc955926333146,16.06,3,2739,0.26
apelkorv,apelkorv,0x86515adbbc3A02D7f5cceD10885150502C776cBC,16.03,3,3167,0.26
callmeperry3,callmeperry3,0xeCe7205C26F7D58b1eD899fac8e68D2EE49247b4,16.00,2,0,0.26
cxmrondlls,ngotrung,0xFe28B624df045873f15C6745e5380F2C8e7429DB,16.00,6,11867,0.26
Dhavied_brown,Dave Brown,0xc750758366FA248Ec54590d8f98dF3358368238d,16.00,2,1108,0.26
Aemar00,Aemar (✱ ✱),0x1d89d1cde8f01e5620debbcae90c312246a9f68c,16.00,3,235,0.26
Eloghinova,ValeriiVSL | 𝔽rAI,0x71004760Eb3F6Fb351358aBD8cfe7B481F5e086A,15.95,2,3318,0.26
WhalePiz,Tinh,0xb3970fb6a4b1fea864612eefc7c84131fade72e0,15.92,6,23193,0.26
Falalu83,Abdullahi Falalu,0xF96ad411eAe22DDc8aA7Da3D496413DF50FBa8fc,15.70,2,864,0.26
DonSmile12,Smile,0xC7f99a56A492D69a5F53E02436280C9A2B503E24,15.62,3,322,0.26
WingroveRobert,WingroveRobert,0xc47BE2036326bA92Fa68DC2F2BA16952b8f85604,15.53,3,3010,0.25
crypto4mikey,MIKEY,0xbbbbdf3ab00a2b1e72893b712ae484b8b0a903e8,15.49,3,662,0.25
amadarln2,Amie,0x885f7b41cff62c8309bd609b8bca4332dafd3675,15.47,2,1378,0.25
GujilRuipa,Gujil Ruipa,0x147da61d038Faee3b73Fa90AdcE9A2abC2d87558,15.43,2,1428,0.25
madmagicsol,Hoa Van,0xc88FA8BF8a0A451b5DE6D1ccd35F89fB92962bd7,15.30,2,777,0.25
luckyluke_eth,Lucky Luke,0x176987a76d999bf117377aaaa6c2e54c44fcf6f7,15.25,3,219,0.25
Tentacion_sin,Tuan Anh,0x05f5b21fe287bfa78af42c09f9a44796b0917daa,15.23,9,3276,0.25
furyrdx712,Harpreet,0x757e602000f34fc2099d5af2bba1bd2e5bf49f25,15.14,2,531,0.25
AbdulMu09708501,Shawon MN,0x6c35a1bc15F0508c434Dc118Aa5a6f1f3Fe57418,15.01,2,780,0.25
King_dav000,Dav,0x945d68012B88644433156dC99f81383e0F625799,15.00,6,8050,0.25
ezraverse_x,EZRAVERSE,0x03CA1a1A0040597679402d71813C0Dbe877f4116,14.90,2,2623,0.24
Chakdl,Chakdl,0x6FC4a111e62c0a10f0246be5424E83c72938FE06,14.82,3,2588,0.24
Abba__80,ABBA,0x03fa24549d896DD8B582568BD17c27B1f63B1f10,14.72,2,783,0.24
0_manager3,Teo Manager,0x861ccf00bf95c42ace8bda81ba021de90d315d45,14.53,2,3403,0.24
Surprise6198,Willow,0x7410dd515287bf51a95cf7e3fd220210413c9b5c,14.50,4,226,0.24
ArewA_96,Abubakar Zulkifilu Adam,0x61fc128e27cc1cfc42598fb411a3ffa82eac808a,14.37,2,4275,0.24
Chorux666,Chorux,0xBfB6b759E824CfdFe81e475DE2a4dad15f31c765,14.29,2,346,0.23
skuullls,SkullZ,0x23edd37103613e3d86a4274ce0dcba1fb72f1e8a,14.25,2,2715,0.23
mahonebtc,Mahon,0x4eec5881d2e807a4afe295c7d6c018f5d7a617ac,14.25,3,523,0.23
RurouniYu,RurouniYu,0x784369FaB89a92F242b92452Cb19aAc0097ca4C3,14.22,3,1527,0.23
mrvictor2626,Mnweb3,0xa3b1dc050f3a81f6fb5ffe52a7dc995545304198,14.20,7,4374,0.23
MANO143302,MÅÑÔ,0x43d459dd6a4e50206cd3FAd65D592E73781ac3fd,14.15,2,8096,0.23
CRYPTO_ALVERON,CRYPTO ALVERON,0x713c8aEa444C2Ad739D0f7fD84a8951830735bF6,14.13,2,1022,0.23
sholaax_,sholaax,0xfbd5011f9d35433aecd40e1f474b424de4674842,14.08,2,1697,0.23
HellEthhhh,kosturmabeni1,0x8F772Af47D8B510D859f47398b43864DDd3F435D,14.00,3,128,0.23
0xMrCurly,serdar,0x197bA93c3Fc804446626083bb8bba679F90222a8,13.78,2,265,0.23
Hz9r8nxlJason,0x处长Jason,0x84bf184ab1a0cbe65531f14c2ab0a891253f19bc,13.75,3,303,0.23
Mertonghen2,Mert Görmüş,0x8b0f24feec036aff6a6651b811492ddd90b82a09,13.74,2,2614,0.23
ApexIkaru,ApexIkaru,0x5332e6431cb4b1e056104d4cf23ad74c183c83f4,13.49,6,3167,0.22
nazarius_amb,nzt,0xce48E68904B2EDD163384b3D4c8c2B22DDa05671,13.25,3,236,0.22
mateocpatricia,patricia ana .❤,0xCe84c05918315Fbc43348a886EC6839264241843,13.19,3,878,0.22
eternals_io,Eternal,0x408b95510e8e5a1d065ebd8ac8858eacc8478ad8,13.16,3,1091,0.22
milinerose,milinerose,0x668eb55cff1C157Dcb36F3C34c35665f03eA465c,12.89,3,1440,0.21
d3rekson,Derek,0xb4722f075317f877e7f595131a4c9bbf3ec3800a,12.83,5,17913,0.21
Zyntrixt,Zyntrix,0xfd3cc03b0bc89d8bdc6b56fefb61f45f69a30360,12.83,5,33983,0.21
OGFIGO,OG FIGO,0x3966e168ec7e3e0f1007bac9b49187f73fb54d5c,12.75,5,6694,0.21
Josephoffiong4k,Mr_Josephhh 🤖ボッ,0xB23f40e5F70b5617aB0918123C39Aa20fb9Bc620,12.74,7,1731,0.21
buttlaibyy,Ali Taimoor,0x67a7151aF9Fe801f2ec298328F0c2b9516ae0834,12.58,5,4975,0.21
keremabi16,kerem,0xb7B36D147A85949F3bb96a8ef348fB420209bd40,12.50,3,458,0.21
mirza_sarmin,mirza,0x849c5E5e8851c8409c6fFc54e26CaD303b236921,12.46,3,380,0.20
pigrichh,Nguyễn Hồng Nhung,0xfcd3f83648aff5abff318afff00f4e2b4ffda7c5,12.36,5,6250,0.20
Ginny26869024,Ginnystar ✨,0x14FA3Be363bb8EB71B87EcE99Df78486daBbfB67,12.16,6,5353,0.20
chaeri___,chaeri,0x76F160F89a15920bE51dC66Aa957f490146F744d,12.14,2,2610,0.20
Akinsola06,Abdsalam Akinyemi,0x3e4bc5f26711fc6af2dd5ff0d234973a185075a3,12.05,2,400,0.20
Lin98201,Ling🐬TermMax,0x98b1452Ad6EBDf3019F7DaDD5BF93d4D147Eb7B6,11.96,5,6383,0.20
tdh1302,TRAN DANG HOP,0x21b45103dd05c43969daF3CbB4277391777e2eC7,11.75,3,53,0.19
0xDragonHash,Abdulkerim Akay,0x5777DA469aF845AdE4E0c89D7AEcA5db9879E0B2,11.62,2,1299,0.19
TheFemog,Oluwafemi,0xeB007A72346edf26e9910957AF4c2c14853EDE2d,11.61,6,2882,0.19
Trenchwalker_io,Trenchwalker,0xabe2e29a2916b1d494eb2ceb998b46d8c06ec2e6,11.53,8,940,0.19
Clinton910z,Clinton,0xf8e5bdF253aD5Be1d254433cF0Ee2E179A35E8e4,11.00,5,1808,0.18
hizqilsky,Hizqil,0xa64768627f4eBdCac40CD830485987ac2E6a760d,10.98,2,661,0.18
0xhypeeth,Mr.Jack 🐬TermMax,0x7ddb22b48ccb1104f24e98d5f74b97f46c9ec888,10.97,5,2750,0.18
Yashashre1,Nguyen Hong Thinh,0xBf8aC28a677db23Aba7144F1357b71D7881f6E53,10.83,2,1799,0.18
Heroman0x,| The Heroman,0xd6a83529fDaBb0c8711A58b1244263862dbe9969,10.81,2,634,0.18
Krnkmr,Krnkmr,0x61eE15C1831ed97005f1dCa65f9821745eC766Ad,10.80,2,1652,0.18
AkdoganCoin,Furkan,0xff3a3cfc42d27e85dba9ea85f0bfec34bd632f9a,10.52,2,628,0.17
LannnAnhh,Lan Anh,0x5c689c48001bf8bd5F732A88911A66A99639e056,10.25,2,61,0.17
Amenouboy,Amenouboy,0x44b6De46CDfA8A2c16c1bd2D13DF8f07D0835c64,10.08,6,3765,0.17
Divjay_,Divine Egure,0x20ce8676417ba50c60462b7f3be1cd21f72eff4f,10.06,2,436,0.17
skysaksham,Sam 🂾,0x13b55e5284d66e5b44667244af871764361d89bb,10.00,1,2161,0.16
0xgoryu,ryu 龙,0xc02fBf1D030Ad97b84c1E1A533d37a6A2a1Db2B3,10.00,1,658,0.16
HabibPaart44952,Arjun Habib,0x2C9BC71E4E96a65EDd741B59419997A2657B1b25,10.00,1,490,0.16
dee_e6,Dee,0xDC3F93744EC88DE6782b70b6bcD668F6A334EFBA,10.00,2,97,0.16
lordobi_swc,Lord OBI,0x75a640EF71a77D856f6F8A5Cc3B1d43AF44827AE,10.00,1,571,0.16
0x_miraweb3,Miracle,0x68B0026004A79e5998533a5ab6A836c42d2d7632,10.00,1,2793,0.16
padres_fernando,padres_fernando,0xF02F4DD849F027D49041b0c3F8e653Cf8E3EDF1e,9.86,2,1712,0.16
atlas16022015,heymen33,0xC2838c5F882f43958ac6993b5195618595C3F283,9.84,1,2707,0.16
Tam10723,Heart,0xc7ac22524df380005c6d60b9d81f7a52a3b638e6,9.78,1,1239,0.16
sheetlyxbt,Sheetly,0xcc6c55a1ee9c0771d184738203e4311ce79bc747,9.75,1,3520,0.16
degen_kid01,𝐃Ξ𝐆Ξ𝐍𝐊𝐈𝐃,0xbdfa3d13E5644fBa20aB3EB1d354693D404D281b,9.75,1,1771,0.16
0xzexor,ZEXOR,0xEC7355518962E00Fb192F8c0be16C277Dd593e82,9.75,1,590,0.16
maza65ct,Maza,0x8779a475bd06f46c88ec10768e540c4f719c9d87,9.75,2,151,0.16
Adetokun_Isaiah,zaiahchoco,0x6a164c14bcc4fd458e4b5d2d509e1506a5c21cd7,9.75,1,6208,0.16
aaminhajj__,Aminu,0xcb172bf110940d6c8ebd32b4a41d1101495690f5,9.67,2,155,0.16
iamlequanghuong,iamlequanghuong,0x23934e253c4f9c44f73a85b350c00a72e1d9c20b,9.65,1,1061,0.16
Arionnz,| Arion |,0x8445a688e7bfa2a159af2f1f5f619920e4afa689,9.58,4,1750,0.16
Dan_cryypt,Daniel,0xfcd795d81b0c8f45afa1b5eefd9e02fe29e6f6d7,9.58,1,447,0.16
ArewaGadgetPlug,Ahmad Uthman,0xaa0e1058C881F9fC9b5f9FC2724ca12E3e72992E,9.53,2,221,0.16
onlyreaderx_,SofiX.eth (reader arc) 📖,0x3d3c9859CDe8eF1A51456f7166BB17d7CFb1D6e6,9.50,1,764,0.16
slim_timothy24,TIMOTHY,0xc1e337bf5977d0947f6a298c0a8be225093f1716,9.50,1,756,0.16
readnrest0,Youngmin Lee,0x02454407Cc4a7Dc79788372929bFc767d5e1D7e5,9.50,2,111,0.16
adekiiiteee,adeee🧡,0x2fbc28158512fe2d3b1679396f2cd56a6b62abab,9.50,4,10051,0.16
jeniferweb3diva,Busaba บุษบา,0x7aE8adFcC778c66c312bFbaC84Eff1402836ce7d,9.50,1,6360,0.16
Realdropforge,S D Rai,0x7E0Eb14cc0d6C89Ed8650AC73660395aa61D3F91,9.50,1,2426,0.16
Juilan_mr,Nguyen The Nguyen,0x77ED5b57A08436C218eCCe26fa9DEf66E149e0F4,9.44,2,364,0.15
eric0xbt,eric.eth,0x88E6fAF07919c849a6dD8c46416D2616db61AdA6,9.38,2,97,0.15
Enzoxbtc,Enzo,0xCDA9BFD21b74ffEB74Ad1300256f3f5d6F77Fe3b,9.36,2,520,0.15
efo_xx,@efo_xx,0xd758e4edbf63c23957214282b13ca9bfb5b72676,9.29,2,1972,0.15
bigfarm_x,BigFarm 🌸,0xf93a9bd47f02cb3e89d5e9d0fbd18e4a21ff9511,9.26,4,3424,0.15
Javedofficial0,Javedofficial0,0x960a70834597D44f21495dFC832954fE24e3B58a,9.25,1,2973,0.15
Just_johnny4,Papy,0x2A4AC7409D43D111A3E471087226618538fF2B71,9.25,1,1021,0.15
mdTarik1390649,Tarik_DeFi,0xB6381D7958EB73E0f8771FDf3350B33d4bB9f235,9.25,1,516,0.15
kodd25,Benjamin,0xA316547E27bCF7F175eF4d5044D22Da6AE6d9edc,9.25,1,812,0.15
Mr_Frank5,Frank,0xB5f319AaB9a35cFaf7b079c20cC43590Fb1252F0,9.25,2,59,0.15
tldn43,loni taft,0xb96cbccd63d9e6f38c1c051a7e3d9bd63589d405,9.25,2,115,0.15
KingandNFT,ERKAN,0x3F31Fd7A98f90638b1263AAe656aF79A2002dc1B,9.25,1,3876,0.15
teesjnr,Taheer,0x45b97f753f7cdbf2bc70fe013b854adb714a13b3,9.25,1,499,0.15
WBteamz,Phan Minh Hiếu,0x664784B2a4019B85AA095488efa86FCe4e85d8a6,9.25,1,3288,0.15
cryptoverse67,cryptoverse.sui,0x5768fEE0a0b0A8EB28C4AE5c0eB39C50f084064C,9.20,7,1211,0.15
Agathak1mberly,Agatha,0xD1a1287DD299Cfe890DeD2AB34290553ee010Fd3,9.12,1,496,0.15
alexxx6363,Udom Sunday,0xd4cc8bd67f7bCdAA427a120119ffcff0D4182b1c,9.09,4,5301,0.15
jvstme_ophyxial,Val 情人 🀄️,0xccb315688fca77a423523101da5efc9043d8ff4b,9.00,1,691,0.15
Dannyboy_0x,Dannyboy,0x081d4609e4948e678021112fac0c442d4f6d355b,9.00,1,2432,0.15
MustafaKOPAN11,Mustafa,0xfe4a4Bda927BDEe6f6650d419Fd3cD9018d4660D,9.00,2,195,0.15
JupXeno,Nguyen Huu Phuc,0xE44D72598D16132214D38ad499880AA1cdA05372,9.00,2,286,0.15
saintlee04,saint lee,0xfe3bc1eb469c70bfb462a9e208826e990bb078c0,8.95,2,559,0.15
prayz_dev,ᑭᖇᗩY乙,0x1d7Af3d1de21354BBFFE7d22761AeDDCBE71D216,8.88,1,1479,0.15
rmvai640,t0xic🦠,0x8E0eCa460Cf2940B69cc6984E75c6Bdafc55323D,8.73,1,386,0.14
0x_orwell,orwellbtc,0xc34Cbe021F3b28CA8f949ee8C16CD5d29546F9d2,8.72,2,1900,0.14
linh180796,Nguyễn Thị Linh ❤️,0x79F65dF4DadfDEf7eb29197D92d456CAC87eA738,8.69,4,320,0.14
devcraft05,Abiola Afolarin,0x85293459625474693ee335f430be38e7e84516e6,8.51,1,1231,0.14
pro_hi2592005,AnhsDuc,0x94F4e89c91BD375Eb9aa78E4bDbDd67cbF12e18A,8.50,2,281,0.14
Abdulhakeemson0,Abdulhakeemson,0xbe65fa54eb13e60a42c29ed96ceceeecd31d56dd,8.50,1,351,0.14
Ringman90,Onyebuchi,0x149d485f982015b9fa7071dfbbcad66b494cb9e5,8.42,1,2151,0.14
phuongphuong,Phuong 👊,0x2c8165f7636b6a020727b756f5a48438371317df,8.34,1,2079,0.14
tamtd,tamtd,0x82032F4f85f4A9ADfC0B1a881D7c8C93653E4812,8.33,2,655,0.14
Iamscott08,Scott,0xed3624c2f9e5cfed7b045141b5d1df68f9a960e6,8.27,1,558,0.14
Paulxbtc,Paul,0x7c818C391Db52bEB3F77DD6BF4468eaC5518fFC1,8.25,2,412,0.14
yuhveil2_2,Hoang Huy,0x5c3f31561228fff228fff16b48007375336cde56,8.25,2,128,0.14
MsxChriz,MsxChriz,0xe9f1e71E409cF1808925519d427Aa5AC65396Fd0,8.21,2,888,0.13
GhazalBasma,GhazalBasma,0x5129aA3ad7Dd8539bc3929702686FfcFa9f024C9,8.03,2,626,0.13
0xEccentric,Adeyinka,0xB794CbB6FDca6E47d537De61010675669A86Ff57,7.95,1,344,0.13
BabuAlx86,Babu Saha,0xef084f79208db9d282df5470640de93196dc52de,7.89,1,533,0.13
emiremetax,Emire,0x4EA3e78C11FcE7DD4d7e3AA8F37Cca193E9325B9,7.87,1,298,0.13
JuanJoParejo,JuanJoParejo,0x04301601de687236E912a8c22A31625D6EeA3c5F,7.74,2,747,0.13
0xSweetly,Sandy setiawan,0x7ec063ccee44945f2c6e7893aad91450a4d1275a,7.58,1,395,0.12
xel_god,li,0xcfdd620d944361a91860b846679594bceab2738c,7.57,2,402,0.12
binlan883,Brooklyn,0xC8678170e0E793AF3DaeEdbFB07c045a8b4bb393,7.50,2,283,0.12
Jani_Jenus,Pleiku - Phonui.eth,0xF4cEB967489c0ED4065cB48efF4506409B145ded,7.46,1,2897,0.12
BumPRx,atichat khunchumnan,0xa48b036b9FE9192552F6911c7d15d3b943e2811f,7.43,2,1129,0.12
tklaurie,tklaurie,0xE10F0b36A80086C451d21BbFeF6343392c3Ea63B,7.28,2,623,0.12
AgentMoonai,Blackwork_ai 🤖,0x9900224a463dbacab18e98dde640e3f08f3d7230,7.04,1,1821,0.12
ShinyNfts,ShinyNfts,0xFAD5098DBd9fDFf3e25151a13E8e40396AA0CF3f,7.00,1,401,0.11
hanifgaming123,Abuhanif,0x3430Ce58a8D5E3e31C1F73e0f3377BA65d92Aefb,6.96,1,2023,0.11
sanlouissk,Louisk,0x86c33d544a8fcf77cbbbfe5b17ca3542ab7abb9c,6.87,1,768,0.11
Ishaq0x_,Ishaq,0x6a5a3825554dDc464084909ffD722191708B1c0e,6.85,1,358,0.11
Ma_xeeno,MaXeeno 〽️,0x7e4db4461e75527f0a1edaf6e6bbff90f0bd57fc,6.83,6,4148,0.11
johnkelly639934,John kelly,0x4d2127Fbe2eF183135cE38C08f397C19901daD1C,6.75,2,20,0.11
thekrietor,Urteamsfavoritecoach,0xae982f37Ef5F7922b7A497cba3b23C441C7cac38,6.52,1,234,0.11
Bilivo8,Em Bi grvt🍏,0x9202744fc4f6ae71272f6204c707e1bfd3694fae,6.44,1,236,0.11
iam_REJOICE1,Rejoice,0x650E317113C7e883d58AbA5fbD472e5F195C27c3,6.23,1,210,0.10
CryptoLorento,lorento,0x564345897F26d1653A88BD1456d4090ebeB4405c,6.22,1,1156,0.10
cryptolorento,lorento,0x564345897F26d1653A88BD1456d4090ebeB4405c,6.22,1,1156,0.10
Nguoithieunhi,Tran Van Tuan,0x2e673d065258dbc4b640686e82968025c09feeb9,6.21,1,824,0.10
Punisher3505,Frank,0x9D3CA3A3Da4d033ACee296D4C1829cc5143e0fAE,6.20,1,719,0.10
Young3stOG,Young OG,0xAFE9f4654cD8237ffbbe9379F20021499Ba51431,6.01,1,202,0.10
juss_vedas,Juss,0x979Efc72454e7343b17180a92c53df87C5E3D562,5.66,1,619,0.09
0xfahadxy,FAHAD,0x15B47032e5D0ed4373E37Df8fB5962e88fA4dD89,5.59,1,251,0.09
8ighty4our84,8IGHTY 4OUR,0x7525c1edf43cdb991fdae5ec70bb4546e5aa0ce7,5.58,1,47,0.09
CryptoFoysal_,CRYPTO FOYSAL,0xd6F2F95A5fCDc00c53e2e638D56d5A50b7814b8b,5.50,1,51,0.09
0xMewMew,ha van tam,0xf75d6c7dcf9c707e0cbe7afaf88c915aafe06a14,5.50,1,148,0.09
Svrkee01,Ali,0x7eee4653d932dca391b94a807f7a0ec3dbaac8b0,5.48,1,188,0.09
0xulfr,motion.,0x70a64632342c465BFa08bb8c7e2d962cFdF1Dbe3,5.47,1,228,0.09
Sainoleno,Saino,0x0983e5fa77c7eD9F6337e39bb18a3C50947c5019,5.41,1,119,0.09
queotamky,le long binh,0x39134f5b54aae49a76c4c015c0a5c41241181e55,5.25,1,7,0.09
batinho13,batinho,0x81f28a69bd2ad3405b7a87272a10e2fb0b2bbfb0,5.25,1,11,0.09
NhiBestAD,CAO NGỌC SƠN,0x0e3d54f71600ad3e71ea8334177b441bb3ed8537,5.16,1,669,0.08
helpermc,Hellm | π,0xfd3b50bb02d9ef01c36703e49d050dfc3f5b3690,5.15,1,115,0.08
tidydls,TidʏĐ,0xee81995c3b0384dce542e99973594b07c8096c80,5.15,1,261,0.08
CrYpTo_MaTkA,Moeez,0x5eba6e6842ad7e314df0c71e0103de504a1e77c8,5.13,1,853,0.08
Chainbuilderpro,ChainBuilder.pro,0x73e5D578929799f707707B3e73adCb43907D5eA9,5.06,1,314,0.08
ridaatul_islam,Ridaatul Islam,0x27Ac609C4B4A2574a94F9d68ecA429CFA8738E6a,5.04,1,98,0.08
0xxjun,Nguyen Truong Thanh,0x566831fC407bD5406a865A29802bfA6F63dFDDbD,5.02,1,1009,0.08
KhaHuynh1995,Kha Huynh,0xFf9622a41d37760e390e577A581A13d1D7cD2EC7,5.00,1,207,0.08
Breathe_Agent,Breathe Agent,0x645f4dc1C08D30BC4c1763bb7A9F97E5f5AA3420,5.00,1,53,0.08
kaitran_94,zdapricorn.eth,0x88054bD4a3D77E11D09702532D594ecFA7777fBA,5.00,1,6,0.08
0xvinhpham,Vin,0x3aedb97569ad578038498af46f071045b1f36476,4.99,1,445,0.08
wilson_syo,Wilson,0xfe1D07F523ED7A45417Ec38bD78515828956c8AE,4.75,1,119,0.08
pogo7867,pogo,0x667Af77577F86C86252EC7e6C7Bc400E8494A8e1,4.75,1,48,0.08
Real_h_ero,Miizan,0xcd7fd3e0e6BbaF586439444284d8F228fA426B0D,4.75,1,172,0.08
Remigirl1919,16,0x93BBD282f808fd5dF7a9b5Ba23a7B64591D75e0F,4.72,1,659,0.08
tremstrak,monalisha,0x64d9D1b040FbbEb8119B779D4F4B91531A0Fe903,4.50,1,116,0.07
xsharedaily,NGO DUY DINH,0x1199c5df13deecdc03433df7dde890fbee56fc1e,4.50,1,20,0.07
takeoff_o2,Gabriel Adejuwon,0xb65c6b193a14f13da385eef227be9757fb73b321,4.50,1,52,0.07
derusxbt,dee,0xdDA875aB21eEFFEaE8DAfC5Ae3bFd21d9acE6d21,4.50,1,83,0.07
dqnnt1999,Duong Quoc Phat,0xc4f1e9000e039e97dc5092fba83c8d34dd41f727,4.50,1,65,0.07
DerusXBT,dee,0xdDA875aB21eEFFEaE8DAfC5Ae3bFd21d9acE6d21,4.50,1,83,0.07
NekiWeb3,Neki,0xa3a19133ad1b8a7140cb2f8d69bb40b546c68884,4.40,5,1660,0.07
Franklinn311,franklin,0x9EE7d46c895697cfDAA3863FEF9fbD942Bb9ee95,4.25,1,27,0.07
mohitfarazy01,Mohit Farazy | π² ☂️,0x9a185e76e57f472382c30f89a961fb22f9d9ee41,4.25,1,45,0.07
path9photos,path9photos,0xa06165FC508E7df5043dCA84ce7070F351eF8676,4.25,1,3,0.07
tcmalpha,alfakeko,0x471faf231212caad6554b4e3ec1fc5255f36f468,4.25,1,86,0.07
Vala6,Vala6,0x4898B1481cA18FD98ABA2b5Eb86B12eF6633c03D,4.25,1,3,0.07
TowerTemennigru,Kagan,0xD6846Eca71f7f57defEe8301142dcfb006E71140,4.25,1,40,0.07
shashibgowda,shashibgowda,0x1f51F7167A8B46cc6d5f2373649B897045a6f205,4.25,1,5,0.07
fasahmeta_x,Fasah,0xBD4Cc603cED7057fE1025A6101879cAA61ddb43B,4.18,1,184,0.07
iam_miyulux,iam_miyulux,0x128B4D9A062d137710F362d2b5c0B81E2726cC40,4.10,1,282,0.07
deborah09167,Adeniyi  Ifeoma Bisi,0xE45c4407c27fC6e27a716367e2FCB3c9A83B68e5,4.00,1,2,0.07
ptc123784,Mie,0xa34dd3f83e6db9affbc5a7a7e3fcef0d5a53dcab,4.00,1,82,0.07
teqsparx,teqsparx,0xDAb0219C241fF239e741614d84fedf27BC445Ea4,4.00,1,5,0.07
EminAhmadov14,EMİN,0x8b585A97ac32045A6C675462339928abF6f1d8f8,4.00,1,42,0.07
mucphone1,mucphone1,0xc0a26b567430e1b4708a26677c07b04e94e37a8c,4.00,1,6,0.07
Ola_of_Oyo,Olaniyi,0x3d3903152c3d5fbb4e1a8d2474e7fc4779ef00fc,4.00,1,31,0.07
kosturmabeni2,Sevgi.Eth ADD+,0x555Eb90bA0Fd7379eDcc5692F1a3A1c4D3155d8A,3.50,1,3,0.06
Area21SpaTampa,AREA,0x334B6C8C6CDa8A60B1F0619b8C1fc82dBEad81c0,3.50,1,4,0.06
dexterderler,İskender Kabul,0x3a5d74045A04f46C0FdAa9776FbFD317FFa7Ea68,3.50,1,12,0.06
Abri_crypto,Giang,0x6c64263Db81687f843B6Ab4A37977F8b940dFbb5,3.50,1,51,0.06
x420690,Jason,0x7046863ae4e11bf32d60b52c8bc23dd0cf31ecbf,3.50,1,6,0.06
Tam110723,Heart,0xc7AC22524dF380005C6D60B9d81f7a52a3B638E6,3.33,10,25142,0.05
azmangil76,ilker,0x1dB5E2D74313f7643955054d2518BEC663Bc9738,3.25,1,21,0.05
casio8112,Aleleeh,0x81c75e7249de85a36ff1103f048dcef162414188,3.25,1,86,0.05
Remzzyvibez,Vibers😇,0xd229E2eAe32F218311Dd93693217FF6dd5B87bF4,3.25,1,22,0.05
GpaAndy,Andy the Jet 🐬TermMax,0xfe2cB10B37Cb2060C21b1f4fB9Ac5e8AF1CdCA2D,2.83,4,9496,0.05
NguyenDoHoangNa,Nguyen Nam,0xb31fa6f0029377820c5c01216da717244b61a957,2.25,1,22,0.04
Darhtch,Phoenix-ranger,0x76dab6bce9bbdba28d562703abdcac2774c9f2dc,0.00,0,0,0.00
mandero128992,普特拉 🫎ASEAN LABS,0xC1311e508d9037B0b6bD4cd032Fbde20beBb8c76,0.00,0,0,0.00
0xr1chie,Richie,0x25a58F5033C901e535bfE23Ed89C68b8E87738c5,0.00,0,0,0.00
Staunch_idool64,𝔻ℝ 𝕊𝕋𝔸𝕌ℕℂℍ Ⓜ️ ⚡,0x48BBbB8989bCA0C9655Fbd716AC511a1F03E9d5F,0.00,0,0,0.00
i,vulcan,0x96993C0aB74299f3C304a08DE30Dc2a3f1E072b4,0.00,0,0,0.00
guxchn4,勾旭琛,0x5b452ed50b96e8d9501572675489b9774ad885d9,0.00,0,0,0.00
minyu1609,Cuowngf,0xf90225c6f9A8588235C67825FbAE4A4291d44b31,0.00,0,0,0.00
sashinmeeena,sashinmeena,0x3ae1Cfea83DA97D533Bb5f5E6E31C4ecDea3E057,0.00,0,0,0.00
readrest0,Youngmin Lee,0x02454407Cc4a7Dc79788372929bFc767d5e1D7e5,0.00,0,0,0.00
Cryptohustle360,Crypto Hustle,0xf2d11B5d9aE8c69D058Bb51E3a60077Ab8534b1E,0.00,0,0,0.00
Reeeaki,Reeeaki,0xEfd41D9d411D30aAe57A80B2D73c051e2F2d92Af,0.00,0,0,0.00
Sumon4447s,Sumon,0xFBBBCcda3Dc84a8580Fc27608a393da47f05C811,0.00,0,0,0.00
Johnny8_X,Johnny,0x5283Cbd0D32cB527338FaA5f514178D08DB0e8Bf,0.00,0,0,0.00
juan,Juan Comesaña,0x620aab731ce8704c3cb24a02f1106971525ecced,0.00,0,0,0.00
st243852,无法忍让🤖ボッ,0x93eecddd94fa42f1b0c082e79ea1998a91216acb,0.00,0,0,0.00
cv_alphas,CV alpha | 🐬TermMax,0x4450dB99260EC3140B4690F1c6bDd64d5d9644A9,0.00,0,0,0.00
makotomiyara,makotomiyara,0x013f042f100d65631B69FDEdB82A91047c7CC5E0,0.00,0,0,0.00
palash433,Palash,0xbd876C7dB94afF7780EaE9b3eE655d1949598af2,0.00,0,0,0.00
IParvel56536,PᐃVEL.eth🍌,0xC57336E882575Ae8d97ab6d73c4c02f82B449252,0.00,0,0,0.00
IndraDJuni,Indra DJ,0xb6A5feD504dF5c3a61B5bf83Fb01e5Eb1A7F3DbC,0.00,0,0,0.00
kaybee_mmg,Kaybee,0xa482b75728c194fbda749c3dedc8742a48461e75,0.00,0,0,0.00
tuty280699,ana moral,0x4Dee69f4B46F9Aa342CEac2418Aae65fF5cb62c7,0.00,0,0,0.00
zazayekta,Zuzu,0x6e50cdB7d4620621Aed3738c1c7409D8aa67A523,0.00,0,0,0.00
mehedi_onchain_,𝐌𝐞𝐡𝐞𝐝𝐢,0x14D21355Db8569736A583e0197385f5C26888Fbe,0.00,0,0,0.00
Razzshares,Razz Shares,0x5eBfb58618de32F9023a23e637Db3c640f381354,0.00,0,0,0.00
angelolamat,angelolamat,0xdffF91113Ee2eDB5577655f5C26592b3ca19FBfb,0.00,0,0,0.00
denizesevero,denizesevero,0xb6cB1C8CF1877BA98fB0E1887dC63eEE9CEF5855,0.00,0,0,0.00
lukas_vtn,lukas_vtn,0xC2797e281A4E46e6553C80Cc7b5A6ed629dC83Df,0.00,0,0,0.00
drpengu6,Dr Pengu,0x35be0738c74cfa88720b26b6d6c74ff373b767b1,0.00,0,0,0.00
sarahpalibino,sarahpalibino,0x2cd9e0663e6C52D4c468eE631e4d8969929F3C15,0.00,0,0,0.00
bitshadeth,bitshade,0xfb63477016f0804d5ca1280122db553480510b4d,0.00,0,0,0.00
asso7878,人机哥,0xcc46058308feec4d994703a3f7d0257ecb5500b3,0.00,0,0,0.00
XLmeta_x,XLⓂ️,0x697c9B0E6b16c1239d82F9f01D792796887a396b,0.00,0,0,0.00
Mr_A_PVT,OxMax 🌊,0x989CA9262d96B467DC8B03042F37A81A3b0368d1,0.00,0,0,0.00
MadarM49564,Cobra_10K,0x698173b62cb87686b2c038493bb9d538ac608287,0.00,0,0,0.00
Dreamsgrowth,Dreams Growth🍌,0x08725ab091B016470f5dE76677ac4Bd81beE5022,0.00,0,0,0.00
LenaLoup,LenaLoup,0xD9F4eFa8749bE3DD40b7d8A3b90A460A3aB45AF9,0.00,0,0,0.00
ahsanzohaib,𝔻ℝ 𝕊𝕋𝔸𝕌ℕℂℍ Ⓜ️ ⚡,0x48BBbB8989bCA0C9655Fbd716AC511a1F03E9d5F,0.00,0,0,0.00
soh_linus,Linus Soh,0xbb0Be7511d0D39be830202439183fF02C6E6f1dF,0.00,0,0,0.00
0xcuongdo1203,0xcuongdo,0xd48E13DE39d4CB4F70a83ACfB3866fBC8b9B947c,0.00,0,0,0.00
kumar58429,Knox.eth🍌,0xAF83a69b531e52D184fEAE7D3F3cA3697dCfF592,0.00,0,0,0.00
maquita_smith,maquita_smith,0xe332b08a52065BfCD74a2724808E91E82837176c,0.00,0,0,0.00
CARTOONIST_MC1,Ēl ChĀPø,0xcE2f6E6a221f44a1C42636769Cde1146dE50D64B,0.00,0,0,0.00
MattFootBatten,MattFootBatten,0xb1ba2D47f4cc10A6f3eA54910205C4D4b1e3a188,0.00,0,0,0.00
0xrupiah2020,Monkey D. Rupiah 🤖ボッ 🐬TermMax,0xB72Baf8959052Fa2386F27584c7a1F708709f885,0.00,0,0,0.00
xxgsunny,xxgsunny,0x5aA1Dfe6cFa1C2e1c21B26F0C16DF6c94178FdD3,0.00,0,0,0.00
juior2012,CryptoJuñior,0x9e7486e6e393ebBd68F73Bf1D74A901d1553AC3C,0.00,0,0,0.00
Ahmazingammah,Iwuchukwu Grace Amarachukwu,0x561d7dc6dc66d4d2e3fe33d138f7de10ca01cef7,0.00,0,0,0.00
shakibmunsi0,SHAKIB,0x442bE7DFd31a9C71D1b3d3cB3cE1A4Cf3dBeDa85,0.00,0,0,0.00
cmkamii,KaMii,0x0E880cA87895132880c1FfC97B331F341dA01051,0.00,0,0,0.00
bencrptovnn,Ben,0x2d8E97569C42d3A387E948a6A8bCd6474B47E39b,0.00,0,0,0.00
waahid99,Nishat ⚡,0x67083214f9AA0E7b6Acf9003F417ab5b8b9a0B3c,0.00,0,0,0.00
spike_coinz01,Spike,0x91Db80087bB3bEBc0F3AD66A882b79eAEAd721a4,0.00,0,0,0.00
0xphonenix77,Phoenix,0x81c15f3E294878B66B0dBc446b0333A37D80Ce5F,0.00,0,0,0.00
jokeriblack,Joker 🐳,0xc6db3110e8d0290200371de6548a3174f5701d47,0.00,0,0,0.00
Haunteeed,Haunteeed,0x2bBe0FD0039989cc3a3F00DF42AEc12942ad6F18,0.00,0,0,0.00
lifesty93141824,Crypto_lifestyle,0x27232e2719988467e9d8b415b084fb40f5b816b5,0.00,0,0,0.00
absrd,Dustin sliva,0x65ebb828d52035b71caBb50835D440715d857213,0.00,0,0,0.00
shoaib7929276,SHOAIB UDDIN | 𝔽rAI,0x8c7Aa2c6c00B33ad9C7B412b53b49603326A727c,0.00,0,0,0.00
Cryptonews678,Base.eth,0x3aC5974fD4866700ba013D4e1159Bf7E3D6d6256,0.00,0,0,0.00
azmancan0,ibrahim sariç,0x8C1e65F50710354E2735D497110c459C9e935d5E,0.00,0,0,0.00
luis_usaa,Luis,0x1a04d1f97F7CF151Cc76bb3d51d2dffaf29dcc4B,0.00,0,0,0.00
tkcyfc,Nomaden,0x2899b1d9a696ae5317f7988384abe88393f5a2a5,0.00,0,0,0.00
12_cubeee,Ethan Nguyễn,0x2c61552c877c92585d22070179a9b2cb959e55ac,0.00,0,0,0.00
sajib1006,SAJIB,0xEa4Acb9c4C8F068EAF38e9EFb658F04650318dAF,0.00,0,0,0.00
Wilsonpablo108,Wilson,0x87b636ad699636617dd7b69dd0973e46d4ef6103,0.00,0,0,0.00
tonoyhasaneth,TonoyETH,0xbd0c9B47A8617f183B839E53B667be5465fe854a,0.00,0,0,0.00
Trey_Stuntin,Trey_Stuntin,0x796cfa8f702Ec2Da3aBCA0fbF09b127f2DEBA089,0.00,0,0,0.00
SYNEX98_36,SYNEX,0x11e6f1205160b970feb003161f18edffc58fBb73,0.00,0,0,0.00
whiteorsoncz,White Orson,0x01527b5068924917dfe4dbac8a77f1683a6fae23,0.00,0,0,0.00
Ahmazingammahh,Grace Iwuchukwu,0x561d7dc6dc66d4d2e3fe33d138f7de10ca01cef7,0.00,0,0,0.00
wucktuu,Babe !!,0x09b44e1722d6b9CBe020fC045e463b1bAf3d6e6D,0.00,0,0,0.00
SasmitaArisya,Sasmita,0x32404BB1C95B1992b5F5152f9f0e252d29B156F0,0.00,0,0,0.00
0xxcoded,CODED,0xcb1862d265c726b57592f795a4c20cbfbc892899,0.00,0,0,0.00
coinmaster100x,Master,0xbF5477d67b43D9B97B31A5636B5De60f507DBd47,0.00,0,0,0.00
Wiskidom01,Wiskidom💎💼,0xd2574C7A9947ACd3Ae31FF4EeCbF245182782790,0.00,0,0,0.00
earning_sectors,Attiq ur Rehman,0xb1462d298Eda16C7EE5D796c60e8De2c4d6f64ba,0.00,0,0,0.00
jonathanmercada,jonathanmercada,0x0F7Df970F5A8c1c220930e035a5Be00CE3F3eC9f,0.00,0,0,0.00
emiola_gangan,EMIOLA𓃵,0xf21a5a08504a7dc622f718dcf74f5b8f8fe3fb46,0.00,0,0,0.00
rmvai649,mahadihasan,0x8E0eCa460Cf2940B69cc6984E75c6Bdafc55323D,0.00,0,0,0.00
Andy_Wangsu,Andy_Wangsu,0xe2a3576FFe0062c1aCeeB6a0dfc9fe00A701860E,0.00,0,0,0.00
Knkchn0,Knkchn,0x169a051bdf029601e8bc34d50e4f1e25fdb0d5fe,0.00,0,0,0.00
petraxxl,petraxxl,0x626F01d335De5dB11BE27CB04C9e66ac4F49bacb,0.00,0,0,0.00
Cikkss108,6iks,0x9EA429C0EB345A5b73a2ea696fb8B819E57D2fdd,-5.24,7,8185,-0.09