username,avatar
expertdicer,https://images.asksurf.ai/Oooow_6fAHuFvMN03QdZq1inYPpwwXzhe0oLNk8C1bU/aHR0cHM6Ly9wYnMudHdpbWcuY29tL3Byb2ZpbGVfaW1hZ2VzLzE3MzEzNDU2MzMxMTI2MzMzNDQvdU92T0JLWkYuanBn
MonnBonn_,https://images.asksurf.ai/gHqDluOUMBY07OLweU5eLiKahVtlK3Vxypuby-ruMTw/aHR0cHM6Ly9wYnMudHdpbWcuY29tL3Byb2ZpbGVfaW1hZ2VzLzE5ODg0NTI3Njc5MDQ3ODg0ODQvQU5MWEVJOWYuanBn
Dan_cryypt,https://images.asksurf.ai/NQr0qBGayvcYJ6R8pv4cD1y1SGDh-qWTl8gdDddaEqE/aHR0cHM6Ly9wYnMudHdpbWcuY29tL3Byb2ZpbGVfaW1hZ2VzLzIwMTA2MTYxNzk4MTE4NDQwOTcvUnpsZHJDaXcuanBn
Chainbuilderpro,
Kingrawr_1,https://images.asksurf.ai/So8G8IwjAJ4oCsVdY2zD8mIDWvKbjoHKWnzN0FiBf6o/aHR0cHM6Ly9wYnMudHdpbWcuY29tL3Byb2ZpbGVfaW1hZ2VzLzIwMDc1NDA5NjkzMDcwMDkwMjQvMEFFMjJra1EuanBn
Staunch_idool64,https://images.asksurf.ai/3XAFZTBcIxJlvutN_l9zI6nyOQfuf0WTl1db5c00KJA/aHR0cHM6Ly9wYnMudHdpbWcuY29tL3Byb2ZpbGVfaW1hZ2VzLzIwNDQ3ODc0MDM5MTU5Njg1MTMvTWFZbV9JVWQuanBn
Qidoxa,https://images.asksurf.ai/_gXwILGtT9gtTGVBCAJdBjqddAK7aNWjecqN1IixxVY/aHR0cHM6Ly9wYnMudHdpbWcuY29tL3Byb2ZpbGVfaW1hZ2VzLzIwMjQ0MDY0MDU3MzA0NzE5MzYvNzdGYmxmb00uanBn
sashinmeena,https://images.asksurf.ai/M7JWD4Q8MYLY2dns7DitDVOA2LAC4w2pFm3_Z3t9L-0/aHR0cHM6Ly9wYnMudHdpbWcuY29tL3Byb2ZpbGVfaW1hZ2VzLzIwNTQ3Nzg3NjkxOTQ1NDUxNTIvLVFIcE8xNkouanBn
jitusorkar12,https://images.asksurf.ai/xdQpxfVCpdUfy5ZWM1xvxBK32BJMzs8WV8fLZPvmC60/aHR0cHM6Ly9wYnMudHdpbWcuY29tL3Byb2ZpbGVfaW1hZ2VzLzE5NjM2NzQ5ODg2ODQxNDg3MzcvVV9IR1JjaTYuanBn
AkiraRyukyu,https://images.asksurf.ai/qO_67h5p4g06THZgav_9GDkmrfajxFftxeBGi2HS0vs/aHR0cHM6Ly9wYnMudHdpbWcuY29tL3Byb2ZpbGVfaW1hZ2VzLzE5NzMzNjkzMDYwMzQ2MTAxODAvM3c5dmJxWUkuanBn
rudolphhh2000,https://images.asksurf.ai/r3x9LXNqABy3nmFyoBs-u0SbJ9XFq2jBOMEtvcBIMsA/aHR0cHM6Ly9wYnMudHdpbWcuY29tL3Byb2ZpbGVfaW1hZ2VzLzE5MjMyOTAxMDIzMTIzOTg4NDgvOXBTbXcyOS0uanBn
AnhDaDen811,https://images.asksurf.ai/uGJjwvJDlHn0_DZy5p_gdyVRrVZFtFjRReV7pEEXrvI/aHR0cHM6Ly9wYnMudHdpbWcuY29tL3Byb2ZpbGVfaW1hZ2VzLzIwMzQ5NzMyNjcyODM2NDg1MTgvY1Y4N3pOS24uanBn
PhiThang1016,https://images.asksurf.ai/L-JYGsc2mJ6lU0U00MP9rre5zzTPk9Upfs5e-t8zmB4/aHR0cHM6Ly9wYnMudHdpbWcuY29tL3Byb2ZpbGVfaW1hZ2VzLzE5Mzg0NTA2MzA5MzIzNzc2MDAvWl9GSHRaVi0uanBn
ELoghinova,https://images.asksurf.ai/fBcHZkO0JfORMWdApXFLPF5eR0sHrsrAzs7lfrlIjMo/aHR0cHM6Ly9wYnMudHdpbWcuY29tL3Byb2ZpbGVfaW1hZ2VzLzIwNDk3NzYyNDU3MjI3NzU1NTIvcGdUWWFtWUUuanBn
HEiMajesty,https://images.asksurf.ai/zu-pshLX80s7VGQcz03mnuYDGemMXqLKhry-_gpH1l8/aHR0cHM6Ly9wYnMudHdpbWcuY29tL3Byb2ZpbGVfaW1hZ2VzLzIwNDEyOTk5OTQ3MTY4NTIyMjQvLUxOSldTLVUuanBn
OnlyReaderX_,https://images.asksurf.ai/9E565JujN7NCQCx2DVK4ba53snJb29_ls-uxUtAAchA/aHR0cHM6Ly9wYnMudHdpbWcuY29tL3Byb2ZpbGVfaW1hZ2VzLzIwMDY1NjIxOTMxNzgwMTc3OTMvOE5RRHdTSWQuanBn
SARAwebh3,https://images.asksurf.ai/HqHoF5aZetJyiqX3U6f2j5ZCOFFTh4HE-C4CfHbIHqg/aHR0cHM6Ly9wYnMudHdpbWcuY29tL3Byb2ZpbGVfaW1hZ2VzLzIwMDYzNzYwNDMzMjY4OTgxNzYvYjladGJhUjMuanBn
aaminhajj__,https://images.asksurf.ai/_liE7Iu5qY4A1c4nPm7JO5zf1nu7U_H0-0moOVhCOWk/aHR0cHM6Ly9wYnMudHdpbWcuY29tL3Byb2ZpbGVfaW1hZ2VzLzIwMzQ4OTkzOTY2MzA4OTY2NDAvekhjUEJOdGMuanBn
mr_ferdiansah,https://images.asksurf.ai/apBu_f_TzFRK70QUOQ4faG46siWsH_AAsajbkpKYyQM/aHR0cHM6Ly9wYnMudHdpbWcuY29tL3Byb2ZpbGVfaW1hZ2VzLzE5OTY2MjI4MzQ4MDY5OTY5OTIvR2FCUElYdHQuanBn
Versiqxyz,https://images.asksurf.ai/yRExVOJNwzM6KPbgokUn_ej_ZZ09uRRq3BGgIm5o24c/aHR0cHM6Ly9wYnMudHdpbWcuY29tL3Byb2ZpbGVfaW1hZ2VzLzIwNDE0NTA5ODA4NzgwMTI0MTYvUG5RRVpCX1IuanBn
gaogaocrypto,https://images.asksurf.ai/N15LHTa7jeL1c9EfSHk7fXZaywOnOZ5qX0uQpFpshks/aHR0cHM6Ly9wYnMudHdpbWcuY29tL3Byb2ZpbGVfaW1hZ2VzLzE5NDQ1NzUxMjIyMDk0NTIwMzIveXUxMWJ2cmQuanBn
ariell_xyz,https://images.asksurf.ai/zbtKojs676EUM6O2gPlqIYwmmJ0DgQJ6tfsoCBmP3hA/aHR0cHM6Ly9wYnMudHdpbWcuY29tL3Byb2ZpbGVfaW1hZ2VzLzIwNTczMTI3OTIyODIzNTM2NjQvejNTMDdZblEuanBn
HuevaToi,https://images.asksurf.ai/wAceRMCQVeUPGUFtqLPncDETnfpBFBvmiF8MpqfP5S4/aHR0cHM6Ly9wYnMudHdpbWcuY29tL3Byb2ZpbGVfaW1hZ2VzLzIwNTcyOTkzNDk3NjAyNDU3NjAvS0dJUU0xVFguanBn
0xweekend59,https://images.asksurf.ai/VdtUNC7gJOUJBqHFR-Pdb1UEbKqvOFCrSlnQPU6yZW4/aHR0cHM6Ly9wYnMudHdpbWcuY29tL3Byb2ZpbGVfaW1hZ2VzLzE4ODg3ODc3MTczOTc1NDQ5NjEvZ1FPcTd4dTAucG5n
binlan883,https://images.asksurf.ai/R__TkHYqdtM5GwOrjfNePUCa5vBs4xGBfEj9Ke-p20A/aHR0cHM6Ly9wYnMudHdpbWcuY29tL3Byb2ZpbGVfaW1hZ2VzLzIwMjAwMzkzNjc2NzEzNDkyNDgvVU5FRXI1ZmsuanBn
QuentinShu023,https://images.asksurf.ai/1QoHV5ryP1xsd3q5JcjWNvH9nl9drNvmeBK0-n_4f-I/aHR0cHM6Ly9wYnMudHdpbWcuY29tL3Byb2ZpbGVfaW1hZ2VzLzIwMzg4MzE5Nzk1NzIxMjk3OTIvVDdBQklwZVouanBn
TrieuTiger,https://images.asksurf.ai/nvD6iAUB984kLfIv3VjdI2h1RAvxu_TQzJR1CFxXdyA/aHR0cHM6Ly9wYnMudHdpbWcuY29tL3Byb2ZpbGVfaW1hZ2VzLzIwMDkyNzMyNzkzODM4MTQxNDQvTzE0a3JFaS0uanBn
Kyo_NLD,https://images.asksurf.ai/89B6UNd7h_PRdLRO3zQVU3kFZCoFLxQ1dbFIdx1b9Yg/aHR0cHM6Ly9wYnMudHdpbWcuY29tL3Byb2ZpbGVfaW1hZ2VzLzIwMDkyMzI1Njg0NjI1NDA4MDAvaGdIVkNNdzEuanBn
LongL2282268,https://images.asksurf.ai/r1vD0Za8JUvuXfcjTMHXBPFtryUJCpJovtyGW2Fnans/aHR0cHM6Ly9wYnMudHdpbWcuY29tL3Byb2ZpbGVfaW1hZ2VzLzE5ODI0NTcwMTQ0ODQ2NzI1MTIvNHBMS25zcEYuanBn
yuhveil2_2,https://images.asksurf.ai/mYl5pczUsYvAm2Z1-T7YXKzw49aOwerXmXBXWYXC54U/aHR0cHM6Ly9wYnMudHdpbWcuY29tL3Byb2ZpbGVfaW1hZ2VzLzE5MjUzNjE0NzIxMjcwODI0OTYvbWRaM0NuU0YuanBn
fabulous__xx,https://images.asksurf.ai/JSMJ5HcoCsClUiR_oYynflRyrjPhwy86vDvLeQw12oM/aHR0cHM6Ly9wYnMudHdpbWcuY29tL3Byb2ZpbGVfaW1hZ2VzLzIwNDcwNzc4NjgyMzI5MjkyODAvaTFQb3c4ZE4uanBn
Trong_Hatachi,https://images.asksurf.ai/A8IACTQHnQtvghbJQvuMwp1kJJBliQ5A-Kgdti57Azk/aHR0cHM6Ly9wYnMudHdpbWcuY29tL3Byb2ZpbGVfaW1hZ2VzLzE5NDI5NDIwOTIyMTg4MjY3NTMvZ0RRbjdtZm0uanBn
rylnei,https://images.asksurf.ai/Q1prvQNTRKsgUwtFeDp7yyb-WztRKBRA1mTGtPhvSkw/aHR0cHM6Ly9wYnMudHdpbWcuY29tL3Byb2ZpbGVfaW1hZ2VzLzIwMjE2NzEyNTY4NjEzNTE5MzYvc1pkdlpLaFIuanBn
Mineus092,https://images.asksurf.ai/D-RFoImmOVbyJinsu2PdgVkMHgS5cTY-ULN66Xswhsk/aHR0cHM6Ly9wYnMudHdpbWcuY29tL3Byb2ZpbGVfaW1hZ2VzLzIwNDYxMjU3OTI4MDgyODgyNTYvVXdaRWVXSEEuanBn
bencryptovnn,https://images.asksurf.ai/gQUrXxub1AayClYsCH3q8fYF7OYAt7SbPmscAZcxz-I/aHR0cHM6Ly9wYnMudHdpbWcuY29tL3Byb2ZpbGVfaW1hZ2VzLzE5NjQzNTkxODE2MDUxNDY2MjUvRExMNGwtYjUuanBn
maanar_ooo,https://images.asksurf.ai/giPyuWnaEw_vkIp1OLGuWDqWTHvhlWpyufLVGI16hs0/aHR0cHM6Ly9wYnMudHdpbWcuY29tL3Byb2ZpbGVfaW1hZ2VzLzE5NzA4NTY4NTQyOTgyNzU4NDMvNFFQejgySlUuanBn
0xulfr,https://images.asksurf.ai/kxX0dJITgPASeZXRQ_5ZC68RuGemvHNE7qU3mbKdGmQ/aHR0cHM6Ly9wYnMudHdpbWcuY29tL3Byb2ZpbGVfaW1hZ2VzLzE5NDcxMTk2NTkyMzQzMjQ0ODAvVUg4YXUwdk8uanBn
BarabiloT,https://images.asksurf.ai/ST23Xg_URsogue7KinzsYHvupbsjTGYPgDyOITJHPhU/aHR0cHM6Ly9wYnMudHdpbWcuY29tL3Byb2ZpbGVfaW1hZ2VzLzE5OTM2NTY2NjE5MzY5NDMxMDQvS3dsTXM4bl8uanBn
bizbrainzuni,https://images.asksurf.ai/BbzgBj4fjAeVXWtPQGaQBlugb7rIbPjjKIkzSCC3wJ0/aHR0cHM6Ly9wYnMudHdpbWcuY29tL3Byb2ZpbGVfaW1hZ2VzLzIwNTUzNDQ4NjI3MjQzMTMwODgvZnNxVVIwNGIuanBn
dinhturin,https://images.asksurf.ai/Nj_BGd6E4QTG8-7Re26GoJUw-lEyur2fJUhry1ujvcI/aHR0cHM6Ly9wYnMudHdpbWcuY29tL3Byb2ZpbGVfaW1hZ2VzLzIwNDU4MTA0NjQ5MTE5MjUyNDgvd1JSa1ZlRDcuanBn
rare_bd,https://images.asksurf.ai/QCNfF6CyuCKsNfxidiMs3novNAzvCocsraC0HOmC1Ew/aHR0cHM6Ly9wYnMudHdpbWcuY29tL3Byb2ZpbGVfaW1hZ2VzLzIwNTUzNDkwNTU3Njk5Njg2NDAvTFBDN19oemwuanBn
KhaHuynh1995,https://images.asksurf.ai/9-jaChFwth_WFXw90uMy8_pUwsC50xYAFJ92DNCjqcI/aHR0cHM6Ly9wYnMudHdpbWcuY29tL3Byb2ZpbGVfaW1hZ2VzLzIwMjM5NDI4MzAxOTMwNjU5ODQvUS1md2pHN1cuanBn
RurouniYu,https://images.asksurf.ai/1aZ8JQ7lKisZ-0dxchGWVw4vnFfa_aSclE5bJLWK1HA/aHR0cHM6Ly9wYnMudHdpbWcuY29tL3Byb2ZpbGVfaW1hZ2VzLzIwNTA1NzMwOTI1NDQ1MDc5MDQvSlJ6czctT0kuanBn
Bakioption,https://images.asksurf.ai/IeWwbPxwgDJnC9Jk-TbuKlbE7W1RfcliNqpRTte5R98/aHR0cHM6Ly9wYnMudHdpbWcuY29tL3Byb2ZpbGVfaW1hZ2VzLzIwMzU0NjcxOTc3ODM2MzgwMTYvbUFteURQTlIuanBn
siraj_dev122,https://images.asksurf.ai/9fVJMhK_xKpbgGkZh9nwvb_JnKFnCM1_yrEYtXbDea4/aHR0cHM6Ly9wYnMudHdpbWcuY29tL3Byb2ZpbGVfaW1hZ2VzLzE5NTI3MzE1NjYzOTc5MTUxMzYvd2k0VlVPU0guanBn
khoirulr331,https://images.asksurf.ai/C9aymWZcrtkPN7VVevRnX0_mD42nEIQYuXE6GYUs9yA/aHR0cHM6Ly9wYnMudHdpbWcuY29tL3Byb2ZpbGVfaW1hZ2VzLzE5NjA2NDAzMTMyMTY5MTc1MDkvMWZQZUUwSHcuanBn
CryptoPilot3226,https://images.asksurf.ai/ZVm4odih0xdgC3tzLWZFhctABImaHtLpFijWovs2n9Y/aHR0cHM6Ly9wYnMudHdpbWcuY29tL3Byb2ZpbGVfaW1hZ2VzLzIwMjg2NzI5MDM0NjI3NTIyNTYvRjluSi1DRVkuanBn
NeoH0DL,https://images.asksurf.ai/KMReKaKjzzoxx5CcZ2X2-IrNoZltmFG_HP0Se1f7A2w/aHR0cHM6Ly9wYnMudHdpbWcuY29tL3Byb2ZpbGVfaW1hZ2VzLzIwMzQ2NDE0MzU4NTM3OTUzMjgvaDNMRWJEUEQuanBn
INOKAMIKAGURA,https://images.asksurf.ai/4XbewE3DoxaQWJZSa2bTu0hxLf94tId-nGghOwxHIGk/aHR0cHM6Ly9wYnMudHdpbWcuY29tL3Byb2ZpbGVfaW1hZ2VzLzIwNDg0OTQxMjE4NDU5NjA3MDQvQmtmZTgzNlMuanBn
sothh84,https://images.asksurf.ai/b8Moij4HhEklYkiAwz5v3o0F9uGIKCxOkMM80Ja53xU/aHR0cHM6Ly9wYnMudHdpbWcuY29tL3Byb2ZpbGVfaW1hZ2VzLzIwNTcxODQ2Njk4NDI3MDY0MzIvVHNfZVBHeXIuanBn
daitieuvoluong,https://images.asksurf.ai/dVky5OrSbAQlVaArBALgYQmpC1tsfQX0CdZ3TcI2Ers/aHR0cHM6Ly9wYnMudHdpbWcuY29tL3Byb2ZpbGVfaW1hZ2VzLzIwMTAyOTI3Mjk5NDgwNzM5ODUvWC1aSnZzMjkuanBn
0xdelula,https://images.asksurf.ai/EbK8Uj5G9HwhEB7NJBkWj5N2Nau_sHSmRZtAPumwxKE/aHR0cHM6Ly9wYnMudHdpbWcuY29tL3Byb2ZpbGVfaW1hZ2VzLzIwNDgwODgxNTY0OTk3OTE4NzIvQi1hUFhSRkUuanBn
Cryptoverse67,https://images.asksurf.ai/bQLh3siH7qyAXZdHHsgV93JAhthDeqAciszNHGEE2LI/aHR0cHM6Ly9wYnMudHdpbWcuY29tL3Byb2ZpbGVfaW1hZ2VzLzE5ODA5MjY2NTg5Mzc4NTYwMDEvTzVtVkcwdmkuanBn
dang_duytan,https://images.asksurf.ai/KDdRVo2urs8kFYAUiRGMs_ssBo0FaF_NZwIvuz3W3ZM/aHR0cHM6Ly9wYnMudHdpbWcuY29tL3Byb2ZpbGVfaW1hZ2VzLzIwNTM0NDA0NTM5NTgzMjAxMjgveklySlp4NDguanBn
nguyenthambt,https://images.asksurf.ai/kWx2gr2qGfrd_K7U_5U74LvgpMNqnR4kC9u8e0P8Dlg/aHR0cHM6Ly9wYnMudHdpbWcuY29tL3Byb2ZpbGVfaW1hZ2VzLzIwNTIwMDU3NTU0NDA3NzkyNjQvQWlWVEt4NTcuanBn
pigrichh,https://images.asksurf.ai/UT5C0bd1Z3EzCQguKY0oDvlFt_fHQ22Sya3Z5uQDfXM/aHR0cHM6Ly9wYnMudHdpbWcuY29tL3Byb2ZpbGVfaW1hZ2VzLzIwNDQ3MTkxNDA4ODQzMjg0NDgvRHVjR1JMQ1cuanBn
0x_Nihal,
Chinwo2,https://images.asksurf.ai/wUi2sOQ0EPCxs9xu5dKWckZISsp83WLVGRTyFWuee7c/aHR0cHM6Ly9wYnMudHdpbWcuY29tL3Byb2ZpbGVfaW1hZ2VzLzE5Njk2NjEzMjEwMjYxMzgxMTMvVDNKVXJqV2wuanBn
MizanT46912,https://images.asksurf.ai/ZV0fmYFmxs5byskGhayPVvNm5HBar-PGQpaqXKiZmVQ/aHR0cHM6Ly9wYnMudHdpbWcuY29tL3Byb2ZpbGVfaW1hZ2VzLzE5NTMzNDk3MDYwMzk1OTkxMDQvVThiQ2xwdFAuanBn
PrettyFavy17,https://images.asksurf.ai/yeJbFi8M6INt4DJg6TjDi48FgZz93FtW4mFNJvm1FtU/aHR0cHM6Ly9wYnMudHdpbWcuY29tL3Byb2ZpbGVfaW1hZ2VzLzIwMzA3NTIxOTIwOTc4NzM5MjAvZTJ2WEJSX20uanBn
RegularWeb3Guy,https://images.asksurf.ai/UyjqoZRN9u4t6UrXGMLQfm0YJudwR5UyMyN5vCAa0Sc/aHR0cHM6Ly9wYnMudHdpbWcuY29tL3Byb2ZpbGVfaW1hZ2VzLzIwMTAwMDYwODU3MDUyODE1MzYvYnQwbVR1TFYuanBn
OGFIGO,https://images.asksurf.ai/ksgUjFDBndhGzE98OIFFLKmWqUwgcsfQDBoTi51uGJc/aHR0cHM6Ly9wYnMudHdpbWcuY29tL3Byb2ZpbGVfaW1hZ2VzLzIwNDM4ODE1MzgwNDM5MjQ0ODAvandiRGlud0IuanBn
koi01020,https://images.asksurf.ai/ehdxGXluueDJNnAgPTCwL3BsYunl8b2cAvlKtuEDXWc/aHR0cHM6Ly9wYnMudHdpbWcuY29tL3Byb2ZpbGVfaW1hZ2VzLzIwNDg3NTg2OTE0MzI5MTQ5NDQvYU1DVXp0SVguanBn
muhitonx,https://images.asksurf.ai/mt7AjR8yMGvZu3BcC9AXjY069j32Bdi-thIKCZON2v4/aHR0cHM6Ly9wYnMudHdpbWcuY29tL3Byb2ZpbGVfaW1hZ2VzLzIwMTQ4OTU5MDU2MDMwMDIzNjgvdUUtZEl1WmsuanBn
iike3837,https://images.asksurf.ai/lHygn48eKOxc1xs2MJKnbCS0YiOIFmm9RCvWtt3eeEU/aHR0cHM6Ly9wYnMudHdpbWcuY29tL3Byb2ZpbGVfaW1hZ2VzLzE5NTU2OTQ4NzU3NjYwNzUzOTkvTFVFOVlOS3guanBn
saoha93,https://images.asksurf.ai/r9xxTBkiuJgXlWvsjnQd85vnj6QFBlTee55FCvd6S4g/aHR0cHM6Ly9wYnMudHdpbWcuY29tL3Byb2ZpbGVfaW1hZ2VzLzIwNDk1MjcxNDQwNjY1MTkwNDAvTWpQcUZSYzAuanBn
RMac_5,https://images.asksurf.ai/6CxfsjjppdKvYV37VP0kjvSViY-CaDx6wArQKABXtDg/aHR0cHM6Ly9wYnMudHdpbWcuY29tL3Byb2ZpbGVfaW1hZ2VzLzIwNTEyNTQ0OTA2ODMyODU1MDQvcE5KakdZOUUuanBn
GuruVerseX,https://images.asksurf.ai/afDFyGwPjJkufJOUmZCZJxbse9uZw2EhTpPq8aS0trI/aHR0cHM6Ly9wYnMudHdpbWcuY29tL3Byb2ZpbGVfaW1hZ2VzLzIwMzIwMzAwMjM0NDkwMDE5ODUvajJDZVFDaWMuanBn
mirza_sarmin,https://images.asksurf.ai/Mq1n_9a59QNujaQ-NeM-7bUuisX_S_ECiFJfOgPamCA/aHR0cHM6Ly9wYnMudHdpbWcuY29tL3Byb2ZpbGVfaW1hZ2VzLzE5NDk4OTE4MjUwODA0MjI0MDIvLTZrTDRMVUQucG5n
Nguoithieunhi,https://images.asksurf.ai/zu71-hNYO6SKpfKgwISe242NLUUaVqpqqlGK5vkQceI/aHR0cHM6Ly9wYnMudHdpbWcuY29tL3Byb2ZpbGVfaW1hZ2VzLzIwMzMzOTQ1MzA0MTkxMjIxNzYvNWxpdjQzRVQuanBn
LEEJETJET,https://images.asksurf.ai/14D-y-m9HwzzuLO0tj4m05dDaHNKc9EEEDkZ2xKKwUk/aHR0cHM6Ly9wYnMudHdpbWcuY29tL3Byb2ZpbGVfaW1hZ2VzLzIwNDI5OTk3NzQ1MzkwNjczOTIvSVZjdmxqSGUuanBn
Shawnn_moon,https://images.asksurf.ai/1qsR1HLbmVx06s2Jo1C6-QCr5Or2jPa9NCIGB8NVXQY/aHR0cHM6Ly9wYnMudHdpbWcuY29tL3Byb2ZpbGVfaW1hZ2VzLzIwMzMxMDk2MjUyNjA4ODM5NjgvODN4M3NYdmguanBn
NhiBestAD,https://images.asksurf.ai/pCQkLIIZMnuWlkoTyU36wpHugOMBAn2qiAV__xQL_QM/aHR0cHM6Ly9wYnMudHdpbWcuY29tL3Byb2ZpbGVfaW1hZ2VzLzIwMDY1MjkwNzk5OTA5NTYwMzQvSUY3dmdjcFIuanBn
Airdrop631223,https://images.asksurf.ai/pwMnV2Nkx03hnNGlfsOJazbGA5kQxrjSMZEt4Nc9-oQ/aHR0cHM6Ly9wYnMudHdpbWcuY29tL3Byb2ZpbGVfaW1hZ2VzLzIwMTQ1OTc0NzM5MDI0NjA5MzAvRXdqcmNNbVYuanBn
Surprise6198,https://images.asksurf.ai/jHeEA1-kTZ8AuvKlcMIGRnZmHiTaNtaQe8vkNYSpCzk/aHR0cHM6Ly9wYnMudHdpbWcuY29tL3Byb2ZpbGVfaW1hZ2VzLzIwMDM0MjMxNTEzNTE1OTUwMDgvaGZjT2Q1VTMuanBn
techwithdavid,https://images.asksurf.ai/qsCJn5XRWjF8sbM5gq8dKSvhKQX-H9ckvTd4L98yiGM/aHR0cHM6Ly9wYnMudHdpbWcuY29tL3Byb2ZpbGVfaW1hZ2VzLzE5ODI2OTAwMjMxNTAzNjI2MjQvdEFTNlRDTE8uanBn
Mawilliss,https://images.asksurf.ai/r9ItdkMIMz7064ijJV9aCI6VVWlG4klIKoGCcnA2Nbg/aHR0cHM6Ly9wYnMudHdpbWcuY29tL3Byb2ZpbGVfaW1hZ2VzLzIwNTA5NjYzMjMzMDAwNjExODQvM1p6VEJSMlIuanBn
sajib1006,https://images.asksurf.ai/Q1yXnn_OKU-W-I0TbR1gUSXLUglqZWHC36Tw2aPUOn0/aHR0cHM6Ly9wYnMudHdpbWcuY29tL3Byb2ZpbGVfaW1hZ2VzLzIwNDAwMzM3NzE2NDc2MDI2ODgvckJCdFRtYksuanBn
Abba__80,https://images.asksurf.ai/wIK4gpux41Azq__4furUVzR7e-n-8n0H2AF5D9MFDd4/aHR0cHM6Ly9wYnMudHdpbWcuY29tL3Byb2ZpbGVfaW1hZ2VzLzIwMTYxMDU1OTY0NzUzMjIzNjgvN05tcDZzVm4uanBn
SharkDucc,https://images.asksurf.ai/tdPRSU9Pd5wh78wKqre1r99KJdzjrq1gYVpqj_0tUS0/aHR0cHM6Ly9wYnMudHdpbWcuY29tL3Byb2ZpbGVfaW1hZ2VzLzIwMzg0NDAxNTcwNzkzMjY3MjAvVlo2Vnp2QW8uanBn
StharDus,https://images.asksurf.ai/v5KaMwu-qi0ULDlmhhDQUAxtQjar_wcOlna8PPanBP8/aHR0cHM6Ly9wYnMudHdpbWcuY29tL3Byb2ZpbGVfaW1hZ2VzLzIwMjY1OTMwNTExNDYxMDg5MjgvUkl2algtWkcuanBn
Svrkee01,https://images.asksurf.ai/dgFvfuJsKe7slBl7tab23U_zTi23EPl7HtLi3_f9zFM/aHR0cHM6Ly9wYnMudHdpbWcuY29tL3Byb2ZpbGVfaW1hZ2VzLzE5MzQzNjQ3ODY2OTI4OTg4MTYvTUhPNzZwOTAuanBn
BigAyotm,https://images.asksurf.ai/h43rULDe5cq9gQOb-eQO8DkCB3sLg47Bo5FKDHBa2pk/aHR0cHM6Ly9wYnMudHdpbWcuY29tL3Byb2ZpbGVfaW1hZ2VzLzIwMTM2OTIwMzk5MTM3NTA1MjgvblFGcjJSRkMuanBn
threadingfinese,https://images.asksurf.ai/RrtOMZUCwf0oEZ5WHScZAqu0UMw6FFMNsUvPUETNGfU/aHR0cHM6Ly9wYnMudHdpbWcuY29tL3Byb2ZpbGVfaW1hZ2VzLzE5Nzg1ODcyMTEzMjM4NTA3NTIvUTg3bDNOOUouanBn
Promzy__M,https://images.asksurf.ai/eJbgIv3LssDR0nCGKyyt87CyRC9-B8Hyukrn8SWj9Tc/aHR0cHM6Ly9wYnMudHdpbWcuY29tL3Byb2ZpbGVfaW1hZ2VzLzE4OTExNTcxMjMzMzkyNzIxOTIvcnVWVUl0el8uanBn
ChainSera,https://images.asksurf.ai/7hYNBrq3hl_XVFELCgHk6gtk44vXWksiRISTfJIVQIE/aHR0cHM6Ly9wYnMudHdpbWcuY29tL3Byb2ZpbGVfaW1hZ2VzLzIwNDI4NTAyMjQyODExOTQ0OTcvVzBRYXdVSEguanBn
Trenchwalker_io,https://images.asksurf.ai/Ni_DT_KeOQPG24_iY8w2iDpFSN_nkWRhq9Fau3ikSrU/aHR0cHM6Ly9wYnMudHdpbWcuY29tL3Byb2ZpbGVfaW1hZ2VzLzIwMzI3MTA5NDYzMzQ4OTIwMzIvdFlEeG91OGwuanBn
ammuchammu02,https://images.asksurf.ai/GOQxc7H-znv0Npk2JUyB953HEs78I2izijOlKMFQvZ4/aHR0cHM6Ly9wYnMudHdpbWcuY29tL3Byb2ZpbGVfaW1hZ2VzLzE5NDE1MTYxODczNzgwMTYyNTYvbHBNWU91YzUuanBn
Mister_Fat,https://images.asksurf.ai/eJHkj9SVkBLHjYR2Yesdl5OonuWWV__8uFqn-Jm4GN4/aHR0cHM6Ly9wYnMudHdpbWcuY29tL3Byb2ZpbGVfaW1hZ2VzLzE2MDg2MDEzMDY3MTI3NDM5MzYvdkJGa2FwZXcuanBn
earning_sectors,https://images.asksurf.ai/KLox0MzAnx83gSHco3KG2_OtdAdEJkSQNtHi0CGsqJk/aHR0cHM6Ly9wYnMudHdpbWcuY29tL3Byb2ZpbGVfaW1hZ2VzLzIwMTg2NDI0NTIyMjg0NzY5MzAvRnNXRjBSck8uanBn
0xjtrade,https://images.asksurf.ai/4sjyt4E2ytx4iRhAAEHrCCb9nI0BJ6lc3zDXMfuRER4/aHR0cHM6Ly9wYnMudHdpbWcuY29tL3Byb2ZpbGVfaW1hZ2VzLzIwMDUxMTA5OTIxODc5Mjg1NzYvQVlDaEU3NmMuanBn
KGeNazeemali12,https://images.asksurf.ai/CWP63OKbm01bv15L4w-7i_t3O3pJiBOlYhovtZBejhU/aHR0cHM6Ly9wYnMudHdpbWcuY29tL3Byb2ZpbGVfaW1hZ2VzLzE5OTc5NDU1ODcyMjA4NDA0NDkvc2tpRkQ3SnAuanBn
xWeehy,https://images.asksurf.ai/LIBSUx3QLbF4nUFaryiua8uQ7cOJe8ZDMYhVrT0yzMY/aHR0cHM6Ly9wYnMudHdpbWcuY29tL3Byb2ZpbGVfaW1hZ2VzLzE5ODE3MzE0NjM5MjI4NjQxMjgvckpncl8xdnUuanBn
Zyllona,https://images.asksurf.ai/w5mc7-6L-fqbifOhq8lug2vAFipa4D3wpWywyN2QgaY/aHR0cHM6Ly9wYnMudHdpbWcuY29tL3Byb2ZpbGVfaW1hZ2VzLzIwMDgyNzczMzI3MzQxNjkwODgvRXBydE05MVMuanBn
quangsang234,https://images.asksurf.ai/E_S8Woobh-n4bSmsXbuMU41EfDhx-_a2EOnsR2JE9Vg/aHR0cHM6Ly9wYnMudHdpbWcuY29tL3Byb2ZpbGVfaW1hZ2VzLzE3Njg0OTQwMTE5MjM0NzIzODQvUk53TjdtOWguanBn
tidydls,https://images.asksurf.ai/s1PtqMBN2VhtyUOU4iZFksLTQKNYLQg1-8oFQWw10AE/aHR0cHM6Ly9wYnMudHdpbWcuY29tL3Byb2ZpbGVfaW1hZ2VzLzE5NjE4Mjk2OTM1NzUwOTgzNjkvYnl2eFpFNUwuanBn
RXu107,https://images.asksurf.ai/yYFSiRBWZNKeAzbmgARx2xmYSh221pbbq3mBYPYD2Q8/aHR0cHM6Ly9wYnMudHdpbWcuY29tL3Byb2ZpbGVfaW1hZ2VzLzIwMzg0MTIyOTAzMzMyMTI2NzIvdVpJMTdnZV8uanBn
zkzonk,https://images.asksurf.ai/18norV1wV-f7C1SOfs7JO75JN23cDoFuYuZCVamyazo/aHR0cHM6Ly9wYnMudHdpbWcuY29tL3Byb2ZpbGVfaW1hZ2VzLzIwNDYzNjYwMDMxMzE3MzYwNjQvZjZOSTgxN1cuanBn
MadarM49564,https://images.asksurf.ai/VR7IMYAudTbBeJBpiuQaEoYDV_SAUeoKVOFYiaGiVFA/aHR0cHM6Ly9wYnMudHdpbWcuY29tL3Byb2ZpbGVfaW1hZ2VzLzE5Mzk2NDEyMjM4NzYxNDEwNTYvSm1oWlM0dzguanBn
denispodd_17,https://images.asksurf.ai/fCWFMBWRa0G6to1ZtGBapaMX-ROBjUMrdOEr_bdMiko/aHR0cHM6Ly9wYnMudHdpbWcuY29tL3Byb2ZpbGVfaW1hZ2VzLzIwNTUwMDIwNDU4MjUxMzA0OTYvSTZHdGIxelkuanBn
Palash433,https://images.asksurf.ai/oGhaE9tDCnwbQ2UXs6V3UkhXShX18teO9W3UWwaFQtA/aHR0cHM6Ly9wYnMudHdpbWcuY29tL3Byb2ZpbGVfaW1hZ2VzLzE5OTAxMTkzMjUzNTgwMDYyNzIvdklycnpxZzIuanBn
0xFrankEth,https://images.asksurf.ai/Oga-7Skh6NP0rjOpdaPVRRTt5xMLxqzxzwkvNEC_RuE/aHR0cHM6Ly9wYnMudHdpbWcuY29tL3Byb2ZpbGVfaW1hZ2VzLzE5OTEyNjE0NjE1MTYwNTQ1MjgvczVxX0R2Um4uanBn
Muhammed3505,https://images.asksurf.ai/xrXiEDnl_1CEdFIcG0VbhKk82Okefb1rQPHIBMcm4V0/aHR0cHM6Ly9wYnMudHdpbWcuY29tL3Byb2ZpbGVfaW1hZ2VzLzIwNTUzNDU5NTc1NjMxNjY3MjAvYmVvb1FSY0ouanBn
zh_towhid1,https://images.asksurf.ai/X5-RnkrNnjRFxBb9cyyQhkxWUOQGygJpHtB4pWjKDbY/aHR0cHM6Ly9wYnMudHdpbWcuY29tL3Byb2ZpbGVfaW1hZ2VzLzIwMTc5NjI2NDA0NTUzNjg3MDQvWmFxRzBRclkuanBn
faruk2123088,https://images.asksurf.ai/c3mlM17G0lwygX3n3xKQKAe2LEv_YUE7YK1QXAUqcCk/aHR0cHM6Ly9wYnMudHdpbWcuY29tL3Byb2ZpbGVfaW1hZ2VzLzIwMTY1NDM1MDIyNzcyNTEwNzIvQXB3WlRoVUMuanBn
AvberEth,https://images.asksurf.ai/qyyEFaASrkjINvvP5kAXr6A7_tf7DL0Kw3skZk7bYEo/aHR0cHM6Ly9wYnMudHdpbWcuY29tL3Byb2ZpbGVfaW1hZ2VzLzIwMTUwOTk3OTAzMTc1NTU3MTIvV3l3alZlaWYuanBn
Polygon_Space1,https://images.asksurf.ai/uNK8frqv1iAzwGzOfU6tlu9CYuVat-WGPeMq5UhVbmc/aHR0cHM6Ly9wYnMudHdpbWcuY29tL3Byb2ZpbGVfaW1hZ2VzLzIwNTY5MTYwNTY2MTExMDY4MTYvbUtaY0RqbFcuanBn
77bncvbsdcg,https://images.asksurf.ai/amAAgVQJo0GoUGJJa9LKWVQfBhY3XWWo69F385EsMe0/aHR0cHM6Ly9wYnMudHdpbWcuY29tL3Byb2ZpbGVfaW1hZ2VzLzIwNTIxNjkzNTgwODUxMDc3MTIvcC0wZ0toRkQuanBn
Trathoa,https://images.asksurf.ai/to9IjCscdJdB78zx5GMaomujjlX-P7Ihh9n-d0Tk5PE/aHR0cHM6Ly9wYnMudHdpbWcuY29tL3Byb2ZpbGVfaW1hZ2VzLzIwNTczMTY4Mzg0MTgzNjY0NjQvT3dNQjc4bkMuanBn
emreyakmaz55,https://images.asksurf.ai/dHBUHbYttpqdcA--vh-LvvnAxXK5cu3DZCEIYDBa-YQ/aHR0cHM6Ly9wYnMudHdpbWcuY29tL3Byb2ZpbGVfaW1hZ2VzLzIwMzY4NjA4MDQxMDQ4ODgzMjAvSGsxbW1BZV8uanBn
lev_eth,https://images.asksurf.ai/jc4WyiO4M-XN_02Q91jvp71gSE0_laJiMpgv0I_YadY/aHR0cHM6Ly9wYnMudHdpbWcuY29tL3Byb2ZpbGVfaW1hZ2VzLzE5Mzg5MjgzNTk4NzU5OTc2OTYvQWdCWlNkeUMuanBn
goon_crypto,https://images.asksurf.ai/XHd-EnpxFnp2q8-msYVzkLdqY8woREp6ce_bymiLrmo/aHR0cHM6Ly9wYnMudHdpbWcuY29tL3Byb2ZpbGVfaW1hZ2VzLzIwMDU1ODY0MTQxMjIyNzA3MjAvQ3V6RjBrcXkuanBn
ARB_Universe,https://images.asksurf.ai/7d5biuBRAZDjgVZm9jTJYlqQOq21RCu3hVU2D7iqadQ/aHR0cHM6Ly9wYnMudHdpbWcuY29tL3Byb2ZpbGVfaW1hZ2VzLzE4ODE2MzcwNDExNDQwMjUwODkvZWlSLUdzTTkuanBn
mithat424,https://images.asksurf.ai/3qFGkMiF_4iozq5eh7pdFt8LIy7Jxk_SOQam11eGkbQ/aHR0cHM6Ly9wYnMudHdpbWcuY29tL3Byb2ZpbGVfaW1hZ2VzLzE5NzkyNzk1ODI1ODM3OTk4MDgvYXZ5dDY0MTMuanBn
leylasilmez55,https://images.asksurf.ai/tnGn-JsOtPbXBIH1iLAGZjUr6ouOUH2nb-DNNp39pTc/aHR0cHM6Ly9wYnMudHdpbWcuY29tL3Byb2ZpbGVfaW1hZ2VzLzIwMzcxOTgxNjAzMzA5NTI3MDUvVThXWXdKeFMuanBn
mok4vi,https://images.asksurf.ai/TCF7GmZBCFV-o67n7KSPbQbBlt-VtBKESirHag6X1H4/aHR0cHM6Ly9wYnMudHdpbWcuY29tL3Byb2ZpbGVfaW1hZ2VzLzIwMDg1OTUwNDQ5NjY0OTAxMTIvTkF5c0p4ZDAuanBn
0xsqaud,https://images.asksurf.ai/6v3dqNNaLgbhBV6SxwENh0HpeQCU5aGu3Iq48sqn4YE/aHR0cHM6Ly9wYnMudHdpbWcuY29tL3Byb2ZpbGVfaW1hZ2VzLzIwNDM1Nzc2MzU4NTU2MTM5NTIvY29YWjdIZW0uanBn
Jiankang_0909,https://images.asksurf.ai/ZyWe8IbPs7iLRqWmf09p-iDDP28lpx9A-8C8YF8PvPw/aHR0cHM6Ly9wYnMudHdpbWcuY29tL3Byb2ZpbGVfaW1hZ2VzLzE5OTUyMTE2NzkxMzE2Mzk4MDgvSlRDOHdUcDkuanBn
mdTarik1390649,https://images.asksurf.ai/soXhUIBXBaBG5ACtPmgTtSjudHh6YeHsI_FxUCUS-u0/aHR0cHM6Ly9wYnMudHdpbWcuY29tL3Byb2ZpbGVfaW1hZ2VzLzIwMzcyMzkwNTM3MDAyODg1MTIvVHQzY2h3cmMuanBn
celalyanmaz55,https://images.asksurf.ai/y2Ar4pDP01ZjKbFLKfpaY1KfdlgLIbpHSN_9Z1s7G10/aHR0cHM6Ly9wYnMudHdpbWcuY29tL3Byb2ZpbGVfaW1hZ2VzLzIwMzg4MjIxNjM0Nzg2MzQ0OTYvb1VzV0NiS24uanBn
cryptomusleem,https://images.asksurf.ai/gPIoyShXYwBSYeFhah4oFkIAkHz-_Z-BZvoqgHXD5qw/aHR0cHM6Ly9wYnMudHdpbWcuY29tL3Byb2ZpbGVfaW1hZ2VzLzE5Njc1MzAyNDA0NTM4NzM2NjQvbHRBemd6MmYuanBn
traviSKrypto,https://images.asksurf.ai/gixJ0O0gDiGO9tg2TISz67d24tQgT1WxIGFH_MBpA24/aHR0cHM6Ly9wYnMudHdpbWcuY29tL3Byb2ZpbGVfaW1hZ2VzLzIwMTQ2MDYxNTc0NzAzODQxMjgvdzZZLVNmeUsuanBn
0xKeng,https://images.asksurf.ai/uvtM7rKusg7MDYg-2Gr--QDlh2jzHiokafAo4awvCk4/aHR0cHM6Ly9wYnMudHdpbWcuY29tL3Byb2ZpbGVfaW1hZ2VzLzIwNDg4MDExNzMyMTAzNjU5NTQvM2RIOTRrOG4uanBn
galaxylonerr,https://images.asksurf.ai/xhCf3PzZJ7FJq8dyLUtDPr0amOLcxH-uctRNzE_yvGQ/aHR0cHM6Ly9wYnMudHdpbWcuY29tL3Byb2ZpbGVfaW1hZ2VzLzIwNTI5MTg5NDQzNjk5NzEyMDIva3pkREdLa01fbm9ybWFsLmpwZw
0xHeroe_,https://images.asksurf.ai/VAkOO-sJQww4EXmjOmPxsmd9O0JRh7Ufk9xXHy1aZbQ/aHR0cHM6Ly9wYnMudHdpbWcuY29tL3Byb2ZpbGVfaW1hZ2VzLzIwNTU3NTM5OTcxMzk1NTAyMDgvOGd4TFJBYksuanBn
Jessdotfun,https://images.asksurf.ai/hpH8NGgeiWdaekJgTNJy9e03Xvy3Qmn_-t-uczzhEv4/aHR0cHM6Ly9wYnMudHdpbWcuY29tL3Byb2ZpbGVfaW1hZ2VzLzIwNTY5MzA5ODU2NTc0MzQxMTIvMGpwQ1lhVHQuanBn
APEXIKARU,https://images.asksurf.ai/d2Gx5dnQEfokJoeSjzsDiBj8ee4biMBo5GoHkE-FdSQ/aHR0cHM6Ly9wYnMudHdpbWcuY29tL3Byb2ZpbGVfaW1hZ2VzLzIwNTAzMjY2MDY1NjkxNTY2MDgvRnZ2S3JyVjQuanBn
Traderibo123,https://images.asksurf.ai/4GRe-GyG8KcVw2n21xau3tThWMtCT935RATHj4fxq20/aHR0cHM6Ly9wYnMudHdpbWcuY29tL3Byb2ZpbGVfaW1hZ2VzLzE5ODA1NDgwMjc3MzIzNDg5MjgvVWlXblQ5cHcuanBn
BullishMarktCap,https://images.asksurf.ai/ZXvnKqTfWu8jJDSNCbYkYsxvnopmUngybTUHZABB898/aHR0cHM6Ly9wYnMudHdpbWcuY29tL3Byb2ZpbGVfaW1hZ2VzLzE5NTQ3MzA3ODE0MzMwNTMxODUvN2Q5V2hMV28uanBn
elltzy775,https://images.asksurf.ai/axPFG7FUuEkPVc1SA8jAkUh-pjNXYZrVwEGa3v8h-vA/aHR0cHM6Ly9wYnMudHdpbWcuY29tL3Byb2ZpbGVfaW1hZ2VzLzIwNDA3ODQyMjgxNzUyOTAzNjgvUFlneXFpby0uanBn
Klaeytus,https://images.asksurf.ai/MPhukjGpngseaku9UTIMJUhOSObNGk6qS6j242BMdFk/aHR0cHM6Ly9wYnMudHdpbWcuY29tL3Byb2ZpbGVfaW1hZ2VzLzE4NzI3NzY2MDI1ODIzODg3MzYva3FGTGYyVDIuanBn
cxmrondlls,https://images.asksurf.ai/xrQsuYX2s7qRbmBqVWDpD8U_jqjRAQ2Ubz_GtSWA3L8/aHR0cHM6Ly9wYnMudHdpbWcuY29tL3Byb2ZpbGVfaW1hZ2VzLzIwNDQzMDU5ODQ1NDY1OTA3MjAvSmt5TF9kY0cuanBn
sholaax_,https://images.asksurf.ai/LpM0wkTXAvtb5j22araz81Fo-oXv9yIIsyiYYZ5XuJM/aHR0cHM6Ly9wYnMudHdpbWcuY29tL3Byb2ZpbGVfaW1hZ2VzLzIwMjQ2OTk4Nzk4MzkxOTkyMzIvQnhxYkxWNDQuanBn
0xCellep,
IcMechs,https://images.asksurf.ai/3h8q7CC1lIlOTJ0HaRksPVmWCDZNIHM-0lzh60LNToY/aHR0cHM6Ly9wYnMudHdpbWcuY29tL3Byb2ZpbGVfaW1hZ2VzLzIwNTM1MzUzMDM1MjUzOTY0ODAvVjBjZ0tqOEouanBn
995995king,https://images.asksurf.ai/vJu_c546XVoRoR9w7Cm7lLUjLqqwVgaQGok7fbAJ2MQ/aHR0cHM6Ly9wYnMudHdpbWcuY29tL3Byb2ZpbGVfaW1hZ2VzLzE4Njg2NTIwMDk4NTcxMTQxMTIvekp1bjZkd0EuanBn
RealDropForge,https://images.asksurf.ai/_1n_bzi6FuEJ2Tx8BxOMBcl45byFfoky2yhe17z9HM4/aHR0cHM6Ly9wYnMudHdpbWcuY29tL3Byb2ZpbGVfaW1hZ2VzLzE5NzQ4OTQyMTM5MzUzMzc0NzMvemJVODhmZmMuanBn
Ginny26869024,https://images.asksurf.ai/_LT6GRRYdQTHDxvLEOMj_SKTOdUTzXchV2JorwpB-e4/aHR0cHM6Ly9wYnMudHdpbWcuY29tL3Byb2ZpbGVfaW1hZ2VzLzE5NjY5NTkyMTMxMDk3NTU5MDQvQUk2SzdFOGUuanBn
juss_vedas,https://images.asksurf.ai/YMaksu-JkjoXbHcGFOrSIruYRRyj6UK-0Q3pNvAi0Tw/aHR0cHM6Ly9wYnMudHdpbWcuY29tL3Byb2ZpbGVfaW1hZ2VzLzIwMjY5ODU3MTMyMTY5NzA3NTIvTGZYSmNPa1pfbm9ybWFsLmpwZw
NeoORDON,https://images.asksurf.ai/ztEK-UCQTvKxj1_DwJ9Z6eYkf5NCVpqOPPSNxoY0i_Y/aHR0cHM6Ly9wYnMudHdpbWcuY29tL3Byb2ZpbGVfaW1hZ2VzLzE5NjkzMTYyMzk1NTUwOTI0ODAveHc2N3dWRDkuanBn
mahonebtc,https://images.asksurf.ai/1gXiwwRec1LdgM9eGQuGoHz9FgmuKwWXCXZeikaB8pQ/aHR0cHM6Ly9wYnMudHdpbWcuY29tL3Byb2ZpbGVfaW1hZ2VzLzIwMzgzNDA3Mjg0OTgzMTExNjgvaG9xZTFnZUouanBn
axe123111,https://images.asksurf.ai/dCuz3-hYXmNHnHeWWn9wY6IDUpO7OFo77a4FsQaQmCQ/aHR0cHM6Ly9wYnMudHdpbWcuY29tL3Byb2ZpbGVfaW1hZ2VzLzIwNTcwODcyMTg0NTY2MjUxNTIvamQzS0NNTnYuanBn
TimothyAyodeji8,https://images.asksurf.ai/SwuETzBzW4w46Bn7n28Q73ZMRXithLoXpIygN6HpQ3E/aHR0cHM6Ly9wYnMudHdpbWcuY29tL3Byb2ZpbGVfaW1hZ2VzLzE5NjI5MDM5NTI4MDgxNjk0NzIvTzBjak5QWUguanBn
0xrupiah2020,https://images.asksurf.ai/SP78jIC32f4lbur1rc0jISukGA3xqTUsVwR9v7_hzR4/aHR0cHM6Ly9wYnMudHdpbWcuY29tL3Byb2ZpbGVfaW1hZ2VzLzE5OTM2NzI5MzkzODkzMDQ4MzIvM0YzVHE1U0UuanBn
buttlaibyy,https://images.asksurf.ai/_FqTzdFFjtkHLoHZDCyBeX1RXa5qHw6dZtChhRwNSLM/aHR0cHM6Ly9wYnMudHdpbWcuY29tL3Byb2ZpbGVfaW1hZ2VzLzIwMTc5MTg5NjcwNzIwMzQ4MTYvX3FRU202QjguanBn
pamzy911,https://images.asksurf.ai/WPUV-WbKgcb7D8AqNvPe2B4vm6Hneikc1dadiUMqFyc/aHR0cHM6Ly9wYnMudHdpbWcuY29tL3Byb2ZpbGVfaW1hZ2VzLzIwNDk1NDQxMTA5OTA5MDEyNDgvcE5Sb3p5UTguanBn
iamlequanghuong,https://images.asksurf.ai/vejJ1NhD26qgq1rkNXOPFcRqLOI_-j4mMRkVaj3R9aU/aHR0cHM6Ly9wYnMudHdpbWcuY29tL3Byb2ZpbGVfaW1hZ2VzLzIwNTM4NDg1OTM4MzcyMjM5MzYvakVGZ3NiTWouanBn
Josephoffiong4k,https://images.asksurf.ai/cKvdEa-OptMdZ3bYzFNby7q16FAz4ddKyWXj7L1p6CU/aHR0cHM6Ly9wYnMudHdpbWcuY29tL3Byb2ZpbGVfaW1hZ2VzLzE5MTUwMDAxNDkzNzU0MDE5ODQvd0pWTkhtXzMuanBn
0xgoryu,https://images.asksurf.ai/fBMhtxLOmzGXYYlmkq9eVgA53PiibnL8T1TGWKxG7po/aHR0cHM6Ly9wYnMudHdpbWcuY29tL3Byb2ZpbGVfaW1hZ2VzLzIwMzIyMTc3NDY1NzA5NTI3MDUvVHdrZmpBTmYuanBn
Ferdos_vai,https://images.asksurf.ai/HtweT-tsbofcCACzcIPhEJC8DrcpYtE2-JvbjvAWLH4/aHR0cHM6Ly9wYnMudHdpbWcuY29tL3Byb2ZpbGVfaW1hZ2VzLzIwNDYxNDI4NDk2NzUzNzA0OTYvLURpT3NVdk0uanBn
nerminsaymaz55,https://images.asksurf.ai/hLstL-vlAv0jO9hbeXBMuS9-Z8xM-Bl-U8M9lhJpa3U/aHR0cHM6Ly9wYnMudHdpbWcuY29tL3Byb2ZpbGVfaW1hZ2VzLzE5NjgyODYzMTU2NzUzMzI2MDgveU1ZWnl6UVouanBn
RealAntar1,https://images.asksurf.ai/8qPSjpgJ8Lv0SErS_6zU8nTPwMdBcFrvFiTuV6Rwh1M/aHR0cHM6Ly9wYnMudHdpbWcuY29tL3Byb2ZpbGVfaW1hZ2VzLzIwMDIzNDEzNDY2MTE1MDcyMDIvZ1hSTEVGYjkuanBn
Ma_Xeeno,https://images.asksurf.ai/OyXCKqzSNNqJ1I-0MlBqUWGZlbJdIDT3xThhZunCM08/aHR0cHM6Ly9wYnMudHdpbWcuY29tL3Byb2ZpbGVfaW1hZ2VzLzIwNTAxOTczNDgyOTUzNDAwMzIvMDZlVnFmeEIuanBn
SKPEALL6089,https://images.asksurf.ai/JFBjua9x1tLN73QlZf_bEorO52gzZIB_781WL2T1YtY/aHR0cHM6Ly9wYnMudHdpbWcuY29tL3Byb2ZpbGVfaW1hZ2VzLzE5Mjg0Mjg3MzEzNjgxNDQ4OTYvTDBJLUNWSDMuanBn
JokerIBlack,https://images.asksurf.ai/gXnafcgjUZGVZY7afL-mS2EjKt4YbOfcRUQmMAbB8Ew/aHR0cHM6Ly9wYnMudHdpbWcuY29tL3Byb2ZpbGVfaW1hZ2VzLzIwMDMxMjA5OTkxNjUwMzA0MDAvUnlPUEwwQmEuanBn
ler_oyy,https://images.asksurf.ai/EZPFvntU8JFZIU3cQ-ByOMGm6oxA84_zjnBEEDyYF5Y/aHR0cHM6Ly9wYnMudHdpbWcuY29tL3Byb2ZpbGVfaW1hZ2VzLzE4ODkxODMzNDcyOTA2NDQ0ODAvaF9TN25vNTAuanBn
Adetokun_Isaiah,https://images.asksurf.ai/fHet2gkI9LIJnmpFNWdhNJwoEFVCg8igODjZpEzOe3w/aHR0cHM6Ly9wYnMudHdpbWcuY29tL3Byb2ZpbGVfaW1hZ2VzLzIwMDY2MTk1Njg1ODQ3NDkwNTYvU29mUzNaNU4uanBn
hizqilsky,https://images.asksurf.ai/cGD4FYN8Wy-_FayQvr9_-MmamypSyJG4JskIWLN9anc/aHR0cHM6Ly9wYnMudHdpbWcuY29tL3Byb2ZpbGVfaW1hZ2VzLzIwMjk3NjAxOTE2MTM1MzQyMDgvVm1UYmhsN1QuanBn
OxxAkash,https://images.asksurf.ai/Ggpf5cvi6YYAnr3gE23IT1CudHyFxKxj2aoInuGAB9M/aHR0cHM6Ly9wYnMudHdpbWcuY29tL3Byb2ZpbGVfaW1hZ2VzLzIwNTU1NDc2NDc0Nzg2NjkzMTIvcms1cWNPZmYuanBn
ceylandoymaz55,https://images.asksurf.ai/1QsT-RwKxILWwozCeJcm-BL-jC4QwVcR0CHGvJ2_qY4/aHR0cHM6Ly9wYnMudHdpbWcuY29tL3Byb2ZpbGVfaW1hZ2VzLzE5NzEzMDcxNzY2NjE1Mjg1NzYvd3hqWlBSbTMuanBn
alveejack1,https://images.asksurf.ai/swg02WaefSwGf49K6C1e8p3mlvGkO0D2T8O1VJMO1WI/aHR0cHM6Ly9wYnMudHdpbWcuY29tL3Byb2ZpbGVfaW1hZ2VzLzE5OTAwNTM1MzYyMDI0NjExODUvS255X0RGX0UuanBn
Tentacion_sin,https://images.asksurf.ai/HBgjgh4z-X-XPxc-_1pkQJMgrq3-aFbEBuYwJtRTJeY/aHR0cHM6Ly9wYnMudHdpbWcuY29tL3Byb2ZpbGVfaW1hZ2VzLzIwMDYzMjAxNTQ5OTc4NTQyMDgvbVZkTDJjTUouanBn
hitasyurek,https://images.asksurf.ai/3n75Qzc3Mrq07d5SH0HNZh-WWeaJX-NpZiAbMQ7SFDU/aHR0cHM6Ly9wYnMudHdpbWcuY29tL3Byb2ZpbGVfaW1hZ2VzLzE5NjgyMTYyOTkzNDA3NDY3NTIvMjlPVTVsb2kuanBn
Kvng_111,https://images.asksurf.ai/p-V-p0CzP1ZO_ohI6s91oda33qvqAnqAf-MEE5FS7Ws/aHR0cHM6Ly9wYnMudHdpbWcuY29tL3Byb2ZpbGVfaW1hZ2VzLzIwMzI0NDQ5NzI0MTk0MjgzNTIvblpzMTlpUHcuanBn
derahxchange,https://images.asksurf.ai/zqL2dtOX_z23KI3WygU55o6NG1i64cKqZGgw9WBDBSs/aHR0cHM6Ly9wYnMudHdpbWcuY29tL3Byb2ZpbGVfaW1hZ2VzLzIwMDcwMTEzMDc4NDU3OTE3NDQvWkxqUERQYlQuanBn
Tam110723,https://images.asksurf.ai/8yCExFs4L8Vqvec_Ziva0kr-rAuPSWkrqQRdbAY8N_w/aHR0cHM6Ly9wYnMudHdpbWcuY29tL3Byb2ZpbGVfaW1hZ2VzLzIwMjU1MTI1OTIyMDMyMTQ4NDgvamRmRXZIMU0uanBn
0xPhoenix77,https://images.asksurf.ai/a4HIIQ3Zkqg-Nuj4HSdfxf5IH2PkWTe3b9n-UQXn1jc/aHR0cHM6Ly9wYnMudHdpbWcuY29tL3Byb2ZpbGVfaW1hZ2VzLzIwNTYyNjE3ODEwNDQyMTk5MDQvLTVXcGdXX0ouanBn
0_manager3,https://images.asksurf.ai/-08Y5u94MP6gRZYj65Ak8tTqdSSy0fnuTvBtAliIpl8/aHR0cHM6Ly9wYnMudHdpbWcuY29tL3Byb2ZpbGVfaW1hZ2VzLzE2NTAwMDEzNDY0MDQ0NDYyMTQvNTRqcXZ5X04uanBn
Bilivo8,https://images.asksurf.ai/8iG-oLYjbWupmVM8nfJ_Vr0kdU6wdy95JiFV3ykpMok/aHR0cHM6Ly9wYnMudHdpbWcuY29tL3Byb2ZpbGVfaW1hZ2VzLzIwNTM4NTI3OTI5MTAyMDkwMjQvaklYVHc3UXguanBn
abubakar_s75243,https://images.asksurf.ai/7rgdx-ZntEzGEipZy48QHIvmBQERNvM2rUOhmA0TGaA/aHR0cHM6Ly9wYnMudHdpbWcuY29tL3Byb2ZpbGVfaW1hZ2VzLzE5OTMzOTUwNjkwNDMzMDY0OTYvanpjdWNRRHIuanBn
osas_182,https://images.asksurf.ai/YRGhabc54JG8JzA_iOtgYN7FkBuARhbewvZFVOWUqAI/aHR0cHM6Ly9wYnMudHdpbWcuY29tL3Byb2ZpbGVfaW1hZ2VzLzIwMzM3Njk3ODIwNjgwMTUxMDQvOWc0VDU2NmkuanBn
0xRiRoyal,https://images.asksurf.ai/QW-Oz6tXgiqUBJqiVxEIa8xNWoCgXTQHlxTr_52Hsic/aHR0cHM6Ly9wYnMudHdpbWcuY29tL3Byb2ZpbGVfaW1hZ2VzLzIwNTMzNDI5MTUyMzQzMTYyODgvc3NGbUZMT04uanBn
adekiiiteee,https://images.asksurf.ai/RzranDSyGV46LMbZS8QVI1v-pkWHjxFm2pYIPQ5nTa4/aHR0cHM6Ly9wYnMudHdpbWcuY29tL3Byb2ZpbGVfaW1hZ2VzLzIwMTg5NzIwNTQwODM1ODQwMDAvcnMzdzM2UmguanBn
TNr1ck,https://images.asksurf.ai/R_wLrOv_6dVv3DYHrvILOIraS5E1eGiSVUGK70eo6zw/aHR0cHM6Ly9wYnMudHdpbWcuY29tL3Byb2ZpbGVfaW1hZ2VzLzIwNTY5NzkwMTAyMjAxNTg5NzYvLWE2UGkwMzEuanBn
nurullahtepe555,https://images.asksurf.ai/Db9eUXrBWIVjzVf9rBkJ6UzH4y-4WHYiQoogo1kSxN8/aHR0cHM6Ly9wYnMudHdpbWcuY29tL3Byb2ZpbGVfaW1hZ2VzLzIwMDQ1OTA1Njg0NTQ5NTkxMDUvS3h3WVh0ZnkucG5n
Jife790,https://images.asksurf.ai/67PI00k-Zo2eexZnnEywa44OuRJN8UPWJhnTvunc0eg/aHR0cHM6Ly9wYnMudHdpbWcuY29tL3Byb2ZpbGVfaW1hZ2VzLzIwMzgyNzYyMTE3MjY1OTgxNDYvQTNMQVM4UC0uanBn
ShinyNfts,https://images.asksurf.ai/c0AkMmRkLSz-HRv5ob7eoqhfyvIJBTIlC3qbmuyqSKw/aHR0cHM6Ly9wYnMudHdpbWcuY29tL3Byb2ZpbGVfaW1hZ2VzLzIwNTM3MzQzOTg4NTIyOTY3MDQvNGRyOXZfUy0uanBn
ajjeee__,https://images.asksurf.ai/mLLu5-I1R292Giisu6CQPoU5Q2iDID_gHKwltIwdwYc/aHR0cHM6Ly9wYnMudHdpbWcuY29tL3Byb2ZpbGVfaW1hZ2VzLzE3MjgzNzE4OTc0MzAwNzc0NDEvVVF4ZTZDOWouanBn
darhtch,https://images.asksurf.ai/Fb5-rYXLKZpKm3hLJm3sJk1BTQ_XCR6P2WGFwyzhlwI/aHR0cHM6Ly9wYnMudHdpbWcuY29tL3Byb2ZpbGVfaW1hZ2VzLzE5NzI3NDg4MzAxNDQ2MDYyMDgvbGVreExYbVIuanBn
minako_rpm,https://images.asksurf.ai/CYsjq0gsX6q79QnLs45uiYMtIwziNjE1FLPPTPiuLxw/aHR0cHM6Ly9wYnMudHdpbWcuY29tL3Byb2ZpbGVfaW1hZ2VzLzIwNTYyOTEyNzE2MDI1NTI4MzIvWTROX3FDaWouanBn
JohnsonBam85400,https://images.asksurf.ai/jijRN65Mq4sYI8FMcDX4HPCU5Ik0T_Mcvb9-RWWF254/aHR0cHM6Ly9wYnMudHdpbWcuY29tL3Byb2ZpbGVfaW1hZ2VzLzE5NDI2NzM0MzI4MjQ0Njc0NTYvNm1nd0p5czMuanBn
BabuAlx86,https://images.asksurf.ai/6uBrKYtoXwDNpcCDvqHbIPidHFToAO0cTbVz9gEDKRw/aHR0cHM6Ly9wYnMudHdpbWcuY29tL3Byb2ZpbGVfaW1hZ2VzLzE5NTc3NzE0OTI5Mjc5NjMxMzYvRjFNSHdPWHQuanBn
0xFatih,https://images.asksurf.ai/oa1Cvw7UWHJ4AA-CdipKAbDWeiSioANSBqFifz0He08/aHR0cHM6Ly9wYnMudHdpbWcuY29tL3Byb2ZpbGVfaW1hZ2VzLzE5ODIyMDAyMTM2OTIzODMyMzIvQUJzSjlSQmUuanBn
CARTOONIST_MC1,https://images.asksurf.ai/wBHgfyuhieIDigW3gx6Wl7bVTKUSvDQfM73ukN20AH4/aHR0cHM6Ly9wYnMudHdpbWcuY29tL3Byb2ZpbGVfaW1hZ2VzLzIwMTA0NzgwNTI3NDkzMTIwMDAvYUdqWG9KUTIuanBn
nevzattakmaz55,https://images.asksurf.ai/kKELACyLDfPCQprtdM7xcMNeuDrLOex-urKfbhqKROA/aHR0cHM6Ly9wYnMudHdpbWcuY29tL3Byb2ZpbGVfaW1hZ2VzLzIwMzE5MTM3NjQ4Nzg5ODMxNjkvMlp0SXh6dHAuanBn
kikycute1402,https://images.asksurf.ai/gcTnSptTdeaL5o00ZYcHQNorH7BJ6HRaKwIUUnUrLtg/aHR0cHM6Ly9wYnMudHdpbWcuY29tL3Byb2ZpbGVfaW1hZ2VzLzIwNDg0NjAxMDQ5OTE5MDc4NDAvV2JHYnMyY1EuanBn
fondnessweb3,https://images.asksurf.ai/_H2r2zwwFG_lNgB6t5xDtRnJJssrHxX9aumEINUtiSQ/aHR0cHM6Ly9wYnMudHdpbWcuY29tL3Byb2ZpbGVfaW1hZ2VzLzE5Mzk5NDkzNjkyNTc1ODY2ODgvNzJfUm02Z2MuanBn
duejamu,https://images.asksurf.ai/WOeWtFZU92NYO6mA9hBLnrVPSmd09CZ8u7GkS8sd92Y/aHR0cHM6Ly9wYnMudHdpbWcuY29tL3Byb2ZpbGVfaW1hZ2VzLzIwNDU0Nzc4NzAyNjE0ODE0NzIvVE1HTTZsVE5fbm9ybWFsLmpwZw
IndraDJuni,https://images.asksurf.ai/rmyxjWNfR2y9lfZARkWDKnXHOa47JYM4dTyWMYAAiPk/aHR0cHM6Ly9wYnMudHdpbWcuY29tL3Byb2ZpbGVfaW1hZ2VzLzIwMzA1MzMyMzA1MDAzOTcwNTYvVlFCenVXSHIuanBn
overlen001,https://images.asksurf.ai/JXc60tm2TIjQUWhfSXRD9i61S4oUTbvhWDz5wyNFt8M/aHR0cHM6Ly9wYnMudHdpbWcuY29tL3Byb2ZpbGVfaW1hZ2VzLzIwMjY1MDE1MTU4NzYzODA2NzQvN3R4V2FfLTYuanBn
Glomay22,https://images.asksurf.ai/ljoYnxXxeKhTlPNI_Bz87kOd7kB1mFJMEvsy8SlHC3g/aHR0cHM6Ly9wYnMudHdpbWcuY29tL3Byb2ZpbGVfaW1hZ2VzLzE5OTk3NzU2NTE5OTQxOTgwMjIvYkRORXdJZEEuanBn
mervetapar55,https://images.asksurf.ai/uANsailQMw5cYENgTW2VUpH9oPRr6AeKnFjmkb-sD94/aHR0cHM6Ly9wYnMudHdpbWcuY29tL3Byb2ZpbGVfaW1hZ2VzLzIwMjU5MzEyMDc0Nzc3NzYzODQvbHpOMVVpZ1cuanBn
Dzola17,https://images.asksurf.ai/NO_3RTHtgYLT8dzmS0IaZvlfzt-ODWM4vMJBKVQ4fSU/aHR0cHM6Ly9wYnMudHdpbWcuY29tL3Byb2ZpbGVfaW1hZ2VzLzIwMDE0NjQ5MDUwNzQwODU4ODgvb0VVV1lOUXcuanBn
Lin98201,https://images.asksurf.ai/3mCPFcVY12yuBT-i47s499Jg5zXLP8FeaC9r2cIQl48/aHR0cHM6Ly9wYnMudHdpbWcuY29tL3Byb2ZpbGVfaW1hZ2VzLzIwNTQ3ODA5MjQyODI0ODI2ODgvYThLTHFQZXouanBn
tienho_nyx,https://images.asksurf.ai/_jnQ5FViBRW05WZPsxLpcJeZQMdFQ7WuJqD5cK16OLk/aHR0cHM6Ly9wYnMudHdpbWcuY29tL3Byb2ZpbGVfaW1hZ2VzLzIwMjQ5MDgzODY0ODAwNzg4NDgvdGdrMjJIZVMuanBn
yeldayutmaz55,https://images.asksurf.ai/heTzr9d8GZHam35gG3Lk5EbhOXxOWDynNr9z7eJjyoo/aHR0cHM6Ly9wYnMudHdpbWcuY29tL3Byb2ZpbGVfaW1hZ2VzLzIwMzIzNTQ4NzY0MjQ4ODAxMjkvR3dGU1Q4ancuanBn
evrendag1284,https://images.asksurf.ai/5hYWx3fUnkXwQTmBw-EXBbAgEFo6p3JdS7n8qsyEn20/aHR0cHM6Ly9wYnMudHdpbWcuY29tL3Byb2ZpbGVfaW1hZ2VzLzE5NTcyMjY1NjM1MjQ1OTE2MTYvbU9teTY4aW8uanBn
bigmanstuff0,https://images.asksurf.ai/CZNkuRI9Exeg8qDDqoT6bwwPGLVyivTH83aK9Ya8tqA/aHR0cHM6Ly9wYnMudHdpbWcuY29tL3Byb2ZpbGVfaW1hZ2VzLzE3ODQ2MzE3MzEwMTk5NzY3MDUvMFJ5LUwwX2cuanBn
sheepmek1,https://images.asksurf.ai/whWu-wE4uqms4Vtf7_2707nJf5dknav5yQk2k2MPzrQ/aHR0cHM6Ly9wYnMudHdpbWcuY29tL3Byb2ZpbGVfaW1hZ2VzLzE5NzY3ODczMTAwNTUyMzk2ODAvV1lEcEFqRjkuanBn
Respect_on_X,https://images.asksurf.ai/J-KSfMAFGk1ljRvsL0c3JjFLx8-YbXA2PlFy_LTjg0A/aHR0cHM6Ly9wYnMudHdpbWcuY29tL3Byb2ZpbGVfaW1hZ2VzLzE4MjA3MTQzNjU3NTYwNjc4NDEvR0xHZExKYVMuanBn
pijushdutta7,https://images.asksurf.ai/HhMRkRaCBTgjw4ze-p0AH64YXLhJR-5tHQk2j1wn8nc/aHR0cHM6Ly9wYnMudHdpbWcuY29tL3Byb2ZpbGVfaW1hZ2VzLzE5ODE5NzUzNDcwOTM0NTA3NTIvMTRwTmJSdW0uanBn
SultanNasir51,https://images.asksurf.ai/TkHVNfmJfq5cyGh3guc7-eS46hd3xV8PFJiyGKNA39M/aHR0cHM6Ly9wYnMudHdpbWcuY29tL3Byb2ZpbGVfaW1hZ2VzLzIwNTAxNTMxNDg3ODI4ODY5MTIvTTdyXzRaSGMuanBn
CryptoNews678,https://images.asksurf.ai/LbvBhrc46kOYqFqna2Z5PA-zlRZH2UsEOeUnMgV7VjM/aHR0cHM6Ly9wYnMudHdpbWcuY29tL3Byb2ZpbGVfaW1hZ2VzLzE4OTIyMTIxMjcyOTkxOTA3ODUvbGR4eDNxQzEuanBn
Skuullls,https://images.asksurf.ai/N5Y2gc5-qpjm_ypdyQCPa6Fw1MxNwQoYWVao9Zl16x8/aHR0cHM6Ly9wYnMudHdpbWcuY29tL3Byb2ZpbGVfaW1hZ2VzLzE5NDgwOTYzODIyODExMzQwODAvaUV5SmhwYVIuanBn
spike_coinz01,https://images.asksurf.ai/TovbbXx_u1HUkNo_dQftNHYS9C8uUnrWgF-sJS1c_Bw/aHR0cHM6Ly9wYnMudHdpbWcuY29tL3Byb2ZpbGVfaW1hZ2VzLzIwNDkxNDcxMTAxMzQ4MzMxNTQvY1UxcVlaTHouanBn
yunusdelmez55,https://images.asksurf.ai/cNSy98VRHQ8C1VzCCmM-xOpiU-Q6QqgBAE1nCx3TJFU/aHR0cHM6Ly9wYnMudHdpbWcuY29tL3Byb2ZpbGVfaW1hZ2VzLzIwMzMyMjg1Mjk1NTk2NTAzMDQvWHhWczY0TlouanBn
GookieNft,https://images.asksurf.ai/0L8Nyak0B0-tfrDwknhdqeeNhXC_qLd6AhKUE-DsU_s/aHR0cHM6Ly9wYnMudHdpbWcuY29tL3Byb2ZpbGVfaW1hZ2VzLzE5Mzg4OTIyMTIwODA3MDE0NDAvb0xPRU9uV3IuanBn
Zyntrixt,https://images.asksurf.ai/GNtstLBosBqrpv_-lFp8PcFtFq5-ezm3iE0_Cs1S-2M/aHR0cHM6Ly9wYnMudHdpbWcuY29tL3Byb2ZpbGVfaW1hZ2VzLzIwNTUwMTgwNTk5ODM2NTQ5MTMvN1IxeWlJZGsuanBn
Aemar00,https://images.asksurf.ai/hbsM99S-JdIuTjeb_EU2BSk5rQXqNhT8sAYx1K56rj4/aHR0cHM6Ly9wYnMudHdpbWcuY29tL3Byb2ZpbGVfaW1hZ2VzLzIwMDMxMTkwMjEyNTI2MjAyODgvak9LMXJoS1AuanBn
Marveltech13835,https://images.asksurf.ai/LgeKXRmoc9TEyNgjDBq2XzVcgSrzJOexZN9tKpOTWLw/aHR0cHM6Ly9wYnMudHdpbWcuY29tL3Byb2ZpbGVfaW1hZ2VzLzE5NjI1NjE3MDI1NTUyNzExNjgvbXdqbnpGdmouanBn
Mrvictor2626,https://images.asksurf.ai/dNKZS4W64fMJlTKhZAYqe3OsoWhkd2RJB808DaX2qhw/aHR0cHM6Ly9wYnMudHdpbWcuY29tL3Byb2ZpbGVfaW1hZ2VzLzIwNDcyNzAyNDU4NTM3OTAyMDgvTERMbmxaY0guanBn
Alexxx636,https://images.asksurf.ai/1nUvxiCQnKB0Vvphpb5f8XE9aHkgh05uaoHlON2pI5A/aHR0cHM6Ly9wYnMudHdpbWcuY29tL3Byb2ZpbGVfaW1hZ2VzLzIwMjQ3ODk4NzA4OTIyNjEzNzYvR29ZUXB0UlcuanBn
Zenox242551,https://images.asksurf.ai/W-hS-0dGwIfcmjX1sOWqYVrAqxCjV9e-wtGjeTeenVA/aHR0cHM6Ly9wYnMudHdpbWcuY29tL3Byb2ZpbGVfaW1hZ2VzLzE5NTkxMTU0MDUzMzI4MTU4NzQvMGR1NmdtUnIuanBn
Serkan91787608,https://images.asksurf.ai/GSpkBxdxEO88pdHRRCk3mdOWUPV066wL6be-3L0osfI/aHR0cHM6Ly9wYnMudHdpbWcuY29tL3Byb2ZpbGVfaW1hZ2VzLzIwMTg5Njk1MDA0Nzc5NjgzODQvWDRBRlZKMmIuanBn
MRR1572,https://images.asksurf.ai/W6WNFyuxZy-ucKPchTnDQCoMog-Z7C2mJir4BFcY-sc/aHR0cHM6Ly9wYnMudHdpbWcuY29tL3Byb2ZpbGVfaW1hZ2VzLzIwNTI4MTU2OTMwMjkxODc1ODQvX1FVUGhKN0cuanBn
Mano143302,https://images.asksurf.ai/-bReDwW9l0T01oT62FVRMV8TusgYLaRG1meJwxSCiTY/aHR0cHM6Ly9wYnMudHdpbWcuY29tL3Byb2ZpbGVfaW1hZ2VzLzIwNDAzMDk2OTgwMDg2ODI0OTgvYkNGNlFwc2cuanBn
HabibPaart44952,https://images.asksurf.ai/c2A1RQfzvf0_SHUrrgcRK0WUhXfSgGXgz3H3dfdoguQ/aHR0cHM6Ly9wYnMudHdpbWcuY29tL3Byb2ZpbGVfaW1hZ2VzLzE5MDU5NTQ0NTUxMDkxODE0NDAvRzBYN21QSFguanBn
Wilsonpablo108,https://images.asksurf.ai/Kr0Ehj0HeD_LjAKtjpxF98jfqt6nuCCvT7sC91w7liQ/aHR0cHM6Ly9wYnMudHdpbWcuY29tL3Byb2ZpbGVfaW1hZ2VzLzIwMDAxNjUyOTQ4NzUwMzM2MDgvTERrSnFBV2guanBn
Villa_PHM,https://images.asksurf.ai/nqnzZS_07-GqgxosCP6FAxOprx4gclWMFqNYFxHiRI4/aHR0cHM6Ly9wYnMudHdpbWcuY29tL3Byb2ZpbGVfaW1hZ2VzLzE4NTM5NzQyMjkwMDk3MzU2ODAvUkRnVGdYYXouanBn
Drkhaleefah2,https://images.asksurf.ai/XHDQqB71op_TuiVU_U5kESy3WbxEtTL1oRn8UOWorxA/aHR0cHM6Ly9wYnMudHdpbWcuY29tL3Byb2ZpbGVfaW1hZ2VzLzE5MTQyNTM5Mzk5NzA1NTE4MDkvc01vN0ZGUlkuanBn
WhalePiz,https://images.asksurf.ai/H_UOf00somL54wK6MIqlnvs4G_ZNz9scrU7aPNTZvTM/aHR0cHM6Ly9wYnMudHdpbWcuY29tL3Byb2ZpbGVfaW1hZ2VzLzIwNTIzOTUyNTI2NDA4Mjk0NDAvYTVIU3hLQmIuanBn
rasel024,https://images.asksurf.ai/rC9yygKi0OdblPSMPw9XE6cKusbSXQOzelaLxX-sF_4/aHR0cHM6Ly9wYnMudHdpbWcuY29tL3Byb2ZpbGVfaW1hZ2VzLzE3ODA5MzI2NjAwMzYzMzc2NjQva3cyTENzRmguanBn
office2crypto,https://images.asksurf.ai/LwB0gHIgQyFZ4koA0E1Y5Di38TIcGtWJ-Eq3jTqhhBo/aHR0cHM6Ly9wYnMudHdpbWcuY29tL3Byb2ZpbGVfaW1hZ2VzLzE5MDM5MzIxNzU2Mjk5MjIzMDQvZFVUZjBVUEkuanBn
dhavied_brown,https://images.asksurf.ai/KJp9WvlZEUoRit7DnRbSgGitl4BuWJRO1fRcqIIHJag/aHR0cHM6Ly9wYnMudHdpbWcuY29tL3Byb2ZpbGVfaW1hZ2VzLzIwMzQ5MDk1Mjc1MDY2NDkwODgvaXlXdDRnNW0uanBn
0xzagen,https://images.asksurf.ai/FT2QE3NE0Dqmlx1RZ522cY4KlwdQ7A8-YzT6DFTq27o/aHR0cHM6Ly9wYnMudHdpbWcuY29tL3Byb2ZpbGVfaW1hZ2VzLzE5ODM0MjMyMDQzODQ1NTA5MTIvb2xUVUg5SnEuanBn
Dkverma89,https://images.asksurf.ai/xrIDxLl4ri5g3IYpR1b8n6G00XmWNo8p_ra9aDS0PU4/aHR0cHM6Ly9wYnMudHdpbWcuY29tL3Byb2ZpbGVfaW1hZ2VzLzIwMTA0MTk3ODY4ODc2NTEzMjgveDhxQ1lJQ2kuanBn
KJenrola57368,https://images.asksurf.ai/NA-YYrEwGphcPFGaQ6mEs-GPuanrVkZUqhsIZ6aKp4I/aHR0cHM6Ly9wYnMudHdpbWcuY29tL3Byb2ZpbGVfaW1hZ2VzLzIwMjc5NjMzNjQxNjU1Mzc3OTIvbUhtNWFUOUIuanBn
Phuongphuong,https://images.asksurf.ai/EBzFw4xCsfXO-_MqU3j9sfkxn2k_I-jTwZn_LFF6U9s/aHR0cHM6Ly9wYnMudHdpbWcuY29tL3Byb2ZpbGVfaW1hZ2VzLzIwNTMwMzc3MjMyMjU4Mzc1NjgvVk9PR0RSQUkuanBn
CryptoAIGuy_,https://images.asksurf.ai/ApT2JtKNKEwQsNnczTjTjmeZs1v171-vPCq6-6HyO5o/aHR0cHM6Ly9wYnMudHdpbWcuY29tL3Byb2ZpbGVfaW1hZ2VzLzIwMTE3MzI4NzI5NTMzMDMwNDAvNk52ZFhtV1YuanBn
tcmalpha,https://images.asksurf.ai/TLLAZiCC97hTkGVnMhYWJs68lrXy7hAVx9Yadd6f3gg/aHR0cHM6Ly9wYnMudHdpbWcuY29tL3Byb2ZpbGVfaW1hZ2VzLzIwNDkxOTA3ODQ5Mzk4MDI2MjQvUUVLNjlxT3AuanBn
jeetergriffin,https://images.asksurf.ai/QdOpt9i7bkP4SEaOaspP4CXHouwteBhrAoIs7MOG9IY/aHR0cHM6Ly9wYnMudHdpbWcuY29tL3Byb2ZpbGVfaW1hZ2VzLzE5OTYxMDgwODcyOTY3NTM2NjYvZnJiTlQ4WTQuanBn
dd1fx,https://images.asksurf.ai/981y-EMLEt1Xg-QqMKKXLsQAVVsf5AjEyUL9WURQx04/aHR0cHM6Ly9wYnMudHdpbWcuY29tL3Byb2ZpbGVfaW1hZ2VzLzIwMjAxMTQ0MTMxMDYxMzkxMzYvd3c3dWVwQUguanBn
Crypto4Mikey,https://images.asksurf.ai/bLWHhLJOjP4Wa4_TG3UPx5ef6DjtAYid1z6MjcFw7GQ/aHR0cHM6Ly9wYnMudHdpbWcuY29tL3Byb2ZpbGVfaW1hZ2VzLzIwMjgwMDMzNTc2OTcxMzg2ODgvS0VkS20zNjAuanBn
nvtshop01,https://images.asksurf.ai/xpPvDwpQKbHvgVCT2R2lAkzwyeqDo3p_oSnsGhoqxXI/aHR0cHM6Ly9wYnMudHdpbWcuY29tL3Byb2ZpbGVfaW1hZ2VzLzE5OTg3NjY1ODYzMDQ1NDA2NzQvNXhreTFqSTEuanBn
LordOBI_SWC,https://images.asksurf.ai/PHviWcQ5c9mN98GCNFNEtvTbSdH2R4QaLXqTO0var1w/aHR0cHM6Ly9wYnMudHdpbWcuY29tL3Byb2ZpbGVfaW1hZ2VzLzIwMTE0NDIzOTExOTQ5NDM0ODgvWmxVZDRPUnQuanBn
yapslingerx,https://images.asksurf.ai/eTKnN3jbu6_v76h3Q3R_s9BeYOKcyiRHvnud_Cnfp8c/aHR0cHM6Ly9wYnMudHdpbWcuY29tL3Byb2ZpbGVfaW1hZ2VzLzIwMDcwMjc3NDIzMjg0MDE5MjAvcGZjZGtJN2wuanBn
Gamerfigirl,https://images.asksurf.ai/Jmwefjd0XxV7CNcRbAVt_V3oexQtuEtHPpWwsgDXs9o/aHR0cHM6Ly9wYnMudHdpbWcuY29tL3Byb2ZpbGVfaW1hZ2VzLzIwNDU5OTYyMTAyNjQzNjMwMDgvNmc3dHVKMEkuanBn
ArewaGadgetPlug,https://images.asksurf.ai/VQLFg5A0PFsjJz1FtHUtLLH10uWFRVGpYThVy2iJ9gM/aHR0cHM6Ly9wYnMudHdpbWcuY29tL3Byb2ZpbGVfaW1hZ2VzLzIwMDkyNDEyNzg5NTc5MjQzNTIvandiV3lRMVguanBn
0_Yatz,https://images.asksurf.ai/Rdh0ogIG8g7XAzxwssV36s0G0IxZaMiUlrpCn6pUahU/aHR0cHM6Ly9wYnMudHdpbWcuY29tL3Byb2ZpbGVfaW1hZ2VzLzIwMzQxMTE3ODk2MDUyNjEzMTIvWWJLbVVIM1YuanBn
EIyanuoluw17789,https://images.asksurf.ai/Ca6PymAV5OVhrjVGEfObL54rCcGsViLbuRQV2paRFtI/aHR0cHM6Ly9wYnMudHdpbWcuY29tL3Byb2ZpbGVfaW1hZ2VzLzE5NDQ4NjQ5ODAwNzI4NDUzMTMveU9BSUplM2MuanBn
CryptoColaX,https://images.asksurf.ai/_iIqgxDWnOMuR7exFLLweFV1RinijmmzYVkmls-9Xq4/aHR0cHM6Ly9wYnMudHdpbWcuY29tL3Byb2ZpbGVfaW1hZ2VzLzIwMTE1MzU3NjkwMDE5ODQwMDAvRXlHYjNGQnEuanBn
AdenitisO,https://images.asksurf.ai/N86aI5FlIiRUTgADB9J8jwH-gTIIWgetY3cPKpuDHHc/aHR0cHM6Ly9wYnMudHdpbWcuY29tL3Byb2ZpbGVfaW1hZ2VzLzE5NzE0NjY0ODg4MzQ5MDQwNjQvbXl4QmZrX1QuanBn
0xr1chie,https://images.asksurf.ai/ILp-jwr_5j0aQDbigTcwqDYOjTNIQ_YmWViLEd5ncCA/aHR0cHM6Ly9wYnMudHdpbWcuY29tL3Byb2ZpbGVfaW1hZ2VzLzIwNDYyMDU3NTM3MjgzNjA0NDgvbzBHX291SDIuanBn
redsn_0w,https://images.asksurf.ai/2N5DrRHcQorbGERB-q1W2mcNAnEfu4IGKdEGCjP3boI/aHR0cHM6Ly9wYnMudHdpbWcuY29tL3Byb2ZpbGVfaW1hZ2VzLzE4NDIyNzEyODY4ODM0NDY3ODQvOUF1SktHS0YuanBn
0xMrCurly,https://images.asksurf.ai/0tpPHbRMz8FudKCcgUaxTKoW5CHa2v5t8406N6D6Abk/aHR0cHM6Ly9wYnMudHdpbWcuY29tL3Byb2ZpbGVfaW1hZ2VzLzIwMjk5NTgxMzEzMDkyMzYyMjQva0lkcm1GYlouanBn
profgemini,https://images.asksurf.ai/lqZczRei9GtoJ3-ODvMxfGHXxNDnwR7C1EKWFQ7F8fs/aHR0cHM6Ly9wYnMudHdpbWcuY29tL3Byb2ZpbGVfaW1hZ2VzLzE5ODcxMzQ2NzIzODQ3MjkwODgvRjFNelFqWXIuanBn
test,
test1,
test2,
test3,
test4,
test5,
3DMax_Virtuals,https://images.asksurf.ai/8T2Vj-0Sa9PvT-bhQ20YikFv-xikDH7u-sugl22C54Y/aHR0cHM6Ly9wYnMudHdpbWcuY29tL3Byb2ZpbGVfaW1hZ2VzLzIwMzI1MzM2NDAwMzk2MDQyMjQvcDZXemlIMlMuanBn
100xDarren,https://images.asksurf.ai/hFSuMRbWisF2HkiGPaphwG7XRtrXESYncR1g14DtVp4/aHR0cHM6Ly9wYnMudHdpbWcuY29tL3Byb2ZpbGVfaW1hZ2VzLzIwMjQ2OTA0Nzc0MDk0NTYxMjgvWVFBdUc0VEouanBn
1409_th,https://images.asksurf.ai/Hyg2VJ_NSz3RqyOFykv9BKgoq3DOFkHmj-ij9JAp4FU/aHR0cHM6Ly9wYnMudHdpbWcuY29tL3Byb2ZpbGVfaW1hZ2VzLzIwMzg0MzU3NjM1NjY5MDMyOTYvR3B3bFNxU1AuanBn
davidbaseeth,https://images.asksurf.ai/9GH4Dn9njpXy26R39ejeEeWQ_i28cEYXwqOmJSxuZDs/aHR0cHM6Ly9wYnMudHdpbWcuY29tL3Byb2ZpbGVfaW1hZ2VzLzIwNTA1OTk2MzMyNDg5OTczNzYvRlBmd0p2Tm0uanBn
valri_eth,https://images.asksurf.ai/x1iBjvITli9QAvXRBlcghWKFHEsT-mOo0Oty6SXXmxk/aHR0cHM6Ly9wYnMudHdpbWcuY29tL3Byb2ZpbGVfaW1hZ2VzLzE5NDgzNDExMDczMDMzNzA3NTIvMzRvOTc0RkQuanBn
phantomfills_hl,https://images.asksurf.ai/CK5zepgRmw1qH9inS-qtdwuEGhe-iQNebw911IpNaCI/aHR0cHM6Ly9wYnMudHdpbWcuY29tL3Byb2ZpbGVfaW1hZ2VzLzIwNTI2MTE2MDQ3MTQ1NDUxNTIvekZXZnJFbEwuanBn
captainjack125,https://images.asksurf.ai/PZuURnEV76KVMiy7but-Ixpvw4jMPYmr39yk3OVzO0M/aHR0cHM6Ly9wYnMudHdpbWcuY29tL3Byb2ZpbGVfaW1hZ2VzLzIwMDUxODUxMjU5MDcwNzkxNjgvVlJuUnI3ZXouanBn
Hz9r8nxlJason,https://images.asksurf.ai/w04aH3oHHxI2W17uIR4clLwN2gXTAelWyVLgU8ttPWM/aHR0cHM6Ly9wYnMudHdpbWcuY29tL3Byb2ZpbGVfaW1hZ2VzLzE5MjIzMjY1MTQxMDYwNDAzMjAvM3JiNTdia1UuanBn
WenIampoor,https://images.asksurf.ai/Hiod6sDKnOCIAWmUuQGw7843TqUW0LJGFKuOveIuKe4/aHR0cHM6Ly9wYnMudHdpbWcuY29tL3Byb2ZpbGVfaW1hZ2VzLzE5ODE4MTUwMzI0Njg5MzQ2NTYvOUk4VTRwVlkuanBn
iMithrandir_,https://images.asksurf.ai/s3JBo3TFrbojnKVX91wo0gflOZnKtszilFu0uAB4PUo/aHR0cHM6Ly9wYnMudHdpbWcuY29tL3Byb2ZpbGVfaW1hZ2VzLzE4OTkzNzY4MjI4MjQ5ODA0ODAvLWZXNWIxRV8uanBn
0xcrispdal,https://images.asksurf.ai/yGNyP3l_AFEQF7lpuDuTWTjwlluye6TI5YxU6Pyka_Y/aHR0cHM6Ly9wYnMudHdpbWcuY29tL3Byb2ZpbGVfaW1hZ2VzLzE5ODcwMzcwMTU2NDk0Mjc0NTYvVlNud0c2dHouanBn
alhadji_ACE,https://images.asksurf.ai/NJlZMJ5YDlUgWXgb395o0B_QK5nskehhXvotq0PBVzU/aHR0cHM6Ly9wYnMudHdpbWcuY29tL3Byb2ZpbGVfaW1hZ2VzLzIwMjAzNzY1Mzc5OTI5NDk3NjYvbEk5ZU1tNkIuanBn
Saintman_xyz,https://images.asksurf.ai/HTpk8WTy8rS5WK3NOJrFDR_NSjZlRgry4mkaqdGn1jA/aHR0cHM6Ly9wYnMudHdpbWcuY29tL3Byb2ZpbGVfaW1hZ2VzLzE5NDYxODUxMTk1MDI0MTc5MjAvN24zQXdIMkQuanBn
roi_maitrre,https://images.asksurf.ai/6zkuD-kAFukD8JkiOpbYojzsb5ea8Imq6J6w4UWy-yo/aHR0cHM6Ly9wYnMudHdpbWcuY29tL3Byb2ZpbGVfaW1hZ2VzLzIwMjk2OTUxOTQ1MjI1ODcxMzYvNjF5blJnbmEuanBn
MudanMah22816,
Anh_Mot0,https://images.asksurf.ai/qrRV4GaMmzaBe5yKvLZ7oK5pmhoKvmx_rE6ZQY4edgc/aHR0cHM6Ly9wYnMudHdpbWcuY29tL3Byb2ZpbGVfaW1hZ2VzLzIwNTY5NzY5MjYwNjIwMTg1NjAveHo5UElPZlUuanBn
0xGreenWick,https://images.asksurf.ai/CEJK8gd8_QIYoJphONJxRyt0dgBl4lk261810aPWluY/aHR0cHM6Ly9wYnMudHdpbWcuY29tL3Byb2ZpbGVfaW1hZ2VzLzIwNTI2MTEyOTI0OTg5NDQwMDAvNVprelRqODguanBn
moonrotation9,https://images.asksurf.ai/hVA7wIcy-5Rs75IuDB0Oxg7R-1Icu4P3TnF5EQE9Svo/aHR0cHM6Ly9wYnMudHdpbWcuY29tL3Byb2ZpbGVfaW1hZ2VzLzIwNTI2MTIzNDk0MzgzNzc5ODQvbWh3LTlqVGQuanBn
Bussybee_,https://images.asksurf.ai/jPn9ZqCSIweGLJhBIxSeznrB5_echSSSlc0hTaG2Mzo/aHR0cHM6Ly9wYnMudHdpbWcuY29tL3Byb2ZpbGVfaW1hZ2VzLzIwNTQ0ODU4MTkzNzgwNjU0MDgvbWNKelJFQzguanBn